ERROR 2026-01-30 13:28:49,445 views Тестовая ошибка - проверка логирования!
ERROR 2026-01-30 13:28:50,466 views Тестовая ошибка - проверка логирования!
ERROR 2026-01-30 13:28:51,069 views Тестовая ошибка - проверка логирования!
ERROR 2026-01-30 13:28:51,613 views Тестовая ошибка - проверка логирования!
ERROR 2026-01-30 13:28:51,966 views Тестовая ошибка - проверка логирования!
ERROR 2026-01-30 13:28:52,144 views Тестовая ошибка - проверка логирования!
ERROR 2026-01-30 13:28:52,412 views Тестовая ошибка - проверка логирования!
ERROR 2026-02-01 14:28:58,052 log Internal Server Error: /search/
Traceback (most recent call last):
  File "/Users/birlikzhumadil/Documents/Проекты/booking_project/booking/venv/lib/python3.12/site-packages/django/core/handlers/exception.py", line 55, in inner
    response = get_response(request)
               ^^^^^^^^^^^^^^^^^^^^^
  File "/Users/birlikzhumadil/Documents/Проекты/booking_project/booking/venv/lib/python3.12/site-packages/django/core/handlers/base.py", line 198, in _get_response
    response = wrapped_callback(request, *callback_args, **callback_kwargs)
               ^^^^^^^^^^^^^^^^^^^^^^^^^^^^^^^^^^^^^^^^^^^^^^^^^^^^^^^^^^^^
  File "/Users/birlikzhumadil/Documents/Проекты/booking_project/booking/main/views.py", line 75, in search_books
    results = Product.objects.filter(
              ^^^^^^^^^^^^^^^^^^^^^^^
  File "/Users/birlikzhumadil/Documents/Проекты/booking_project/booking/venv/lib/python3.12/site-packages/django/db/models/manager.py", line 87, in manager_method
    return getattr(self.get_queryset(), name)(*args, **kwargs)
           ^^^^^^^^^^^^^^^^^^^^^^^^^^^^^^^^^^^^^^^^^^^^^^^^^^^
  File "/Users/birlikzhumadil/Documents/Проекты/booking_project/booking/venv/lib/python3.12/site-packages/django/db/models/query.py", line 1542, in filter
    return self._filter_or_exclude(False, args, kwargs)
           ^^^^^^^^^^^^^^^^^^^^^^^^^^^^^^^^^^^^^^^^^^^^
  File "/Users/birlikzhumadil/Documents/Проекты/booking_project/booking/venv/lib/python3.12/site-packages/django/db/models/query.py", line 1560, in _filter_or_exclude
    clone._filter_or_exclude_inplace(negate, args, kwargs)
  File "/Users/birlikzhumadil/Documents/Проекты/booking_project/booking/venv/lib/python3.12/site-packages/django/db/models/query.py", line 1570, in _filter_or_exclude_inplace
    self._query.add_q(Q(*args, **kwargs))
  File "/Users/birlikzhumadil/Documents/Проекты/booking_project/booking/venv/lib/python3.12/site-packages/django/db/models/sql/query.py", line 1671, in add_q
    clause, _ = self._add_q(q_object, can_reuse)
                ^^^^^^^^^^^^^^^^^^^^^^^^^^^^^^^^
  File "/Users/birlikzhumadil/Documents/Проекты/booking_project/booking/venv/lib/python3.12/site-packages/django/db/models/sql/query.py", line 1703, in _add_q
    child_clause, needed_inner = self.build_filter(
                                 ^^^^^^^^^^^^^^^^^^
  File "/Users/birlikzhumadil/Documents/Проекты/booking_project/booking/venv/lib/python3.12/site-packages/django/db/models/sql/query.py", line 1528, in build_filter
    return self._add_q(
           ^^^^^^^^^^^^
  File "/Users/birlikzhumadil/Documents/Проекты/booking_project/booking/venv/lib/python3.12/site-packages/django/db/models/sql/query.py", line 1703, in _add_q
    child_clause, needed_inner = self.build_filter(
                                 ^^^^^^^^^^^^^^^^^^
  File "/Users/birlikzhumadil/Documents/Проекты/booking_project/booking/venv/lib/python3.12/site-packages/django/db/models/sql/query.py", line 1613, in build_filter
    condition = self.build_lookup(lookups, col, value)
                ^^^^^^^^^^^^^^^^^^^^^^^^^^^^^^^^^^^^^^
  File "/Users/birlikzhumadil/Documents/Проекты/booking_project/booking/venv/lib/python3.12/site-packages/django/db/models/sql/query.py", line 1434, in build_lookup
    lhs = self.try_transform(lhs, lookup_name)
          ^^^^^^^^^^^^^^^^^^^^^^^^^^^^^^^^^^^^
  File "/Users/birlikzhumadil/Documents/Проекты/booking_project/booking/venv/lib/python3.12/site-packages/django/db/models/sql/query.py", line 1483, in try_transform
    raise FieldError(
django.core.exceptions.FieldError: Unsupported lookup 'icontain' for CharField or join on the field not permitted, perhaps you meant icontains or contains?
ERROR 2026-02-01 14:28:58,055 log "GET /search/?q=%D0%9A%D0%BE%D1%80%D0%BE%D0%BB%D1%8C+ HTTP/1.1" 500 124669
ERROR 2026-02-01 14:28:58,882 log Internal Server Error: /search/
Traceback (most recent call last):
  File "/Users/birlikzhumadil/Documents/Проекты/booking_project/booking/venv/lib/python3.12/site-packages/django/core/handlers/exception.py", line 55, in inner
    response = get_response(request)
               ^^^^^^^^^^^^^^^^^^^^^
  File "/Users/birlikzhumadil/Documents/Проекты/booking_project/booking/venv/lib/python3.12/site-packages/django/core/handlers/base.py", line 198, in _get_response
    response = wrapped_callback(request, *callback_args, **callback_kwargs)
               ^^^^^^^^^^^^^^^^^^^^^^^^^^^^^^^^^^^^^^^^^^^^^^^^^^^^^^^^^^^^
  File "/Users/birlikzhumadil/Documents/Проекты/booking_project/booking/main/views.py", line 75, in search_books
    results = Product.objects.filter(
              ^^^^^^^^^^^^^^^^^^^^^^^
  File "/Users/birlikzhumadil/Documents/Проекты/booking_project/booking/venv/lib/python3.12/site-packages/django/db/models/manager.py", line 87, in manager_method
    return getattr(self.get_queryset(), name)(*args, **kwargs)
           ^^^^^^^^^^^^^^^^^^^^^^^^^^^^^^^^^^^^^^^^^^^^^^^^^^^
  File "/Users/birlikzhumadil/Documents/Проекты/booking_project/booking/venv/lib/python3.12/site-packages/django/db/models/query.py", line 1542, in filter
    return self._filter_or_exclude(False, args, kwargs)
           ^^^^^^^^^^^^^^^^^^^^^^^^^^^^^^^^^^^^^^^^^^^^
  File "/Users/birlikzhumadil/Documents/Проекты/booking_project/booking/venv/lib/python3.12/site-packages/django/db/models/query.py", line 1560, in _filter_or_exclude
    clone._filter_or_exclude_inplace(negate, args, kwargs)
  File "/Users/birlikzhumadil/Documents/Проекты/booking_project/booking/venv/lib/python3.12/site-packages/django/db/models/query.py", line 1570, in _filter_or_exclude_inplace
    self._query.add_q(Q(*args, **kwargs))
  File "/Users/birlikzhumadil/Documents/Проекты/booking_project/booking/venv/lib/python3.12/site-packages/django/db/models/sql/query.py", line 1671, in add_q
    clause, _ = self._add_q(q_object, can_reuse)
                ^^^^^^^^^^^^^^^^^^^^^^^^^^^^^^^^
  File "/Users/birlikzhumadil/Documents/Проекты/booking_project/booking/venv/lib/python3.12/site-packages/django/db/models/sql/query.py", line 1703, in _add_q
    child_clause, needed_inner = self.build_filter(
                                 ^^^^^^^^^^^^^^^^^^
  File "/Users/birlikzhumadil/Documents/Проекты/booking_project/booking/venv/lib/python3.12/site-packages/django/db/models/sql/query.py", line 1528, in build_filter
    return self._add_q(
           ^^^^^^^^^^^^
  File "/Users/birlikzhumadil/Documents/Проекты/booking_project/booking/venv/lib/python3.12/site-packages/django/db/models/sql/query.py", line 1703, in _add_q
    child_clause, needed_inner = self.build_filter(
                                 ^^^^^^^^^^^^^^^^^^
  File "/Users/birlikzhumadil/Documents/Проекты/booking_project/booking/venv/lib/python3.12/site-packages/django/db/models/sql/query.py", line 1613, in build_filter
    condition = self.build_lookup(lookups, col, value)
                ^^^^^^^^^^^^^^^^^^^^^^^^^^^^^^^^^^^^^^
  File "/Users/birlikzhumadil/Documents/Проекты/booking_project/booking/venv/lib/python3.12/site-packages/django/db/models/sql/query.py", line 1434, in build_lookup
    lhs = self.try_transform(lhs, lookup_name)
          ^^^^^^^^^^^^^^^^^^^^^^^^^^^^^^^^^^^^
  File "/Users/birlikzhumadil/Documents/Проекты/booking_project/booking/venv/lib/python3.12/site-packages/django/db/models/sql/query.py", line 1483, in try_transform
    raise FieldError(
django.core.exceptions.FieldError: Unsupported lookup 'icontain' for CharField or join on the field not permitted, perhaps you meant icontains or contains?
ERROR 2026-02-01 14:28:58,884 log "GET /search/?q=%D0%9A%D0%BE%D1%80%D0%BE%D0%BB%D1%8C+ HTTP/1.1" 500 124797
ERROR 2026-02-01 14:29:16,133 log Internal Server Error: /search/
Traceback (most recent call last):
  File "/Users/birlikzhumadil/Documents/Проекты/booking_project/booking/venv/lib/python3.12/site-packages/django/core/handlers/exception.py", line 55, in inner
    response = get_response(request)
               ^^^^^^^^^^^^^^^^^^^^^
  File "/Users/birlikzhumadil/Documents/Проекты/booking_project/booking/venv/lib/python3.12/site-packages/django/core/handlers/base.py", line 198, in _get_response
    response = wrapped_callback(request, *callback_args, **callback_kwargs)
               ^^^^^^^^^^^^^^^^^^^^^^^^^^^^^^^^^^^^^^^^^^^^^^^^^^^^^^^^^^^^
  File "/Users/birlikzhumadil/Documents/Проекты/booking_project/booking/main/views.py", line 75, in search_books
    results = Product.objects.filter(
              ^^^^^^^^^^^^^^^^^^^^^^^
  File "/Users/birlikzhumadil/Documents/Проекты/booking_project/booking/venv/lib/python3.12/site-packages/django/db/models/manager.py", line 87, in manager_method
    return getattr(self.get_queryset(), name)(*args, **kwargs)
           ^^^^^^^^^^^^^^^^^^^^^^^^^^^^^^^^^^^^^^^^^^^^^^^^^^^
  File "/Users/birlikzhumadil/Documents/Проекты/booking_project/booking/venv/lib/python3.12/site-packages/django/db/models/query.py", line 1542, in filter
    return self._filter_or_exclude(False, args, kwargs)
           ^^^^^^^^^^^^^^^^^^^^^^^^^^^^^^^^^^^^^^^^^^^^
  File "/Users/birlikzhumadil/Documents/Проекты/booking_project/booking/venv/lib/python3.12/site-packages/django/db/models/query.py", line 1560, in _filter_or_exclude
    clone._filter_or_exclude_inplace(negate, args, kwargs)
  File "/Users/birlikzhumadil/Documents/Проекты/booking_project/booking/venv/lib/python3.12/site-packages/django/db/models/query.py", line 1570, in _filter_or_exclude_inplace
    self._query.add_q(Q(*args, **kwargs))
  File "/Users/birlikzhumadil/Documents/Проекты/booking_project/booking/venv/lib/python3.12/site-packages/django/db/models/sql/query.py", line 1671, in add_q
    clause, _ = self._add_q(q_object, can_reuse)
                ^^^^^^^^^^^^^^^^^^^^^^^^^^^^^^^^
  File "/Users/birlikzhumadil/Documents/Проекты/booking_project/booking/venv/lib/python3.12/site-packages/django/db/models/sql/query.py", line 1703, in _add_q
    child_clause, needed_inner = self.build_filter(
                                 ^^^^^^^^^^^^^^^^^^
  File "/Users/birlikzhumadil/Documents/Проекты/booking_project/booking/venv/lib/python3.12/site-packages/django/db/models/sql/query.py", line 1528, in build_filter
    return self._add_q(
           ^^^^^^^^^^^^
  File "/Users/birlikzhumadil/Documents/Проекты/booking_project/booking/venv/lib/python3.12/site-packages/django/db/models/sql/query.py", line 1703, in _add_q
    child_clause, needed_inner = self.build_filter(
                                 ^^^^^^^^^^^^^^^^^^
  File "/Users/birlikzhumadil/Documents/Проекты/booking_project/booking/venv/lib/python3.12/site-packages/django/db/models/sql/query.py", line 1613, in build_filter
    condition = self.build_lookup(lookups, col, value)
                ^^^^^^^^^^^^^^^^^^^^^^^^^^^^^^^^^^^^^^
  File "/Users/birlikzhumadil/Documents/Проекты/booking_project/booking/venv/lib/python3.12/site-packages/django/db/models/sql/query.py", line 1434, in build_lookup
    lhs = self.try_transform(lhs, lookup_name)
          ^^^^^^^^^^^^^^^^^^^^^^^^^^^^^^^^^^^^
  File "/Users/birlikzhumadil/Documents/Проекты/booking_project/booking/venv/lib/python3.12/site-packages/django/db/models/sql/query.py", line 1483, in try_transform
    raise FieldError(
django.core.exceptions.FieldError: Unsupported lookup 'icontain' for TextField or join on the field not permitted, perhaps you meant icontains or contains?
ERROR 2026-02-01 14:29:16,135 log "GET /search/?q=%D0%9A%D0%BE%D1%80%D0%BE%D0%BB%D1%8C+ HTTP/1.1" 500 125706
ERROR 2026-02-01 14:29:16,657 log Internal Server Error: /search/
Traceback (most recent call last):
  File "/Users/birlikzhumadil/Documents/Проекты/booking_project/booking/venv/lib/python3.12/site-packages/django/core/handlers/exception.py", line 55, in inner
    response = get_response(request)
               ^^^^^^^^^^^^^^^^^^^^^
  File "/Users/birlikzhumadil/Documents/Проекты/booking_project/booking/venv/lib/python3.12/site-packages/django/core/handlers/base.py", line 198, in _get_response
    response = wrapped_callback(request, *callback_args, **callback_kwargs)
               ^^^^^^^^^^^^^^^^^^^^^^^^^^^^^^^^^^^^^^^^^^^^^^^^^^^^^^^^^^^^
  File "/Users/birlikzhumadil/Documents/Проекты/booking_project/booking/main/views.py", line 75, in search_books
    results = Product.objects.filter(
              ^^^^^^^^^^^^^^^^^^^^^^^
  File "/Users/birlikzhumadil/Documents/Проекты/booking_project/booking/venv/lib/python3.12/site-packages/django/db/models/manager.py", line 87, in manager_method
    return getattr(self.get_queryset(), name)(*args, **kwargs)
           ^^^^^^^^^^^^^^^^^^^^^^^^^^^^^^^^^^^^^^^^^^^^^^^^^^^
  File "/Users/birlikzhumadil/Documents/Проекты/booking_project/booking/venv/lib/python3.12/site-packages/django/db/models/query.py", line 1542, in filter
    return self._filter_or_exclude(False, args, kwargs)
           ^^^^^^^^^^^^^^^^^^^^^^^^^^^^^^^^^^^^^^^^^^^^
  File "/Users/birlikzhumadil/Documents/Проекты/booking_project/booking/venv/lib/python3.12/site-packages/django/db/models/query.py", line 1560, in _filter_or_exclude
    clone._filter_or_exclude_inplace(negate, args, kwargs)
  File "/Users/birlikzhumadil/Documents/Проекты/booking_project/booking/venv/lib/python3.12/site-packages/django/db/models/query.py", line 1570, in _filter_or_exclude_inplace
    self._query.add_q(Q(*args, **kwargs))
  File "/Users/birlikzhumadil/Documents/Проекты/booking_project/booking/venv/lib/python3.12/site-packages/django/db/models/sql/query.py", line 1671, in add_q
    clause, _ = self._add_q(q_object, can_reuse)
                ^^^^^^^^^^^^^^^^^^^^^^^^^^^^^^^^
  File "/Users/birlikzhumadil/Documents/Проекты/booking_project/booking/venv/lib/python3.12/site-packages/django/db/models/sql/query.py", line 1703, in _add_q
    child_clause, needed_inner = self.build_filter(
                                 ^^^^^^^^^^^^^^^^^^
  File "/Users/birlikzhumadil/Documents/Проекты/booking_project/booking/venv/lib/python3.12/site-packages/django/db/models/sql/query.py", line 1528, in build_filter
    return self._add_q(
           ^^^^^^^^^^^^
  File "/Users/birlikzhumadil/Documents/Проекты/booking_project/booking/venv/lib/python3.12/site-packages/django/db/models/sql/query.py", line 1703, in _add_q
    child_clause, needed_inner = self.build_filter(
                                 ^^^^^^^^^^^^^^^^^^
  File "/Users/birlikzhumadil/Documents/Проекты/booking_project/booking/venv/lib/python3.12/site-packages/django/db/models/sql/query.py", line 1613, in build_filter
    condition = self.build_lookup(lookups, col, value)
                ^^^^^^^^^^^^^^^^^^^^^^^^^^^^^^^^^^^^^^
  File "/Users/birlikzhumadil/Documents/Проекты/booking_project/booking/venv/lib/python3.12/site-packages/django/db/models/sql/query.py", line 1434, in build_lookup
    lhs = self.try_transform(lhs, lookup_name)
          ^^^^^^^^^^^^^^^^^^^^^^^^^^^^^^^^^^^^
  File "/Users/birlikzhumadil/Documents/Проекты/booking_project/booking/venv/lib/python3.12/site-packages/django/db/models/sql/query.py", line 1483, in try_transform
    raise FieldError(
django.core.exceptions.FieldError: Unsupported lookup 'icontain' for TextField or join on the field not permitted, perhaps you meant icontains or contains?
ERROR 2026-02-01 14:29:16,657 log "GET /search/?q=%D0%9A%D0%BE%D1%80%D0%BE%D0%BB%D1%8C+ HTTP/1.1" 500 125706
ERROR 2026-02-01 14:40:08,282 log Internal Server Error: /search/
Traceback (most recent call last):
  File "/Users/birlikzhumadil/Documents/Проекты/booking_project/booking/venv/lib/python3.12/site-packages/django/template/smartif.py", line 181, in translate_token
    op = OPERATORS[token]
         ~~~~~~~~~^^^^^^^
KeyError: 'query|lenth'

During handling of the above exception, another exception occurred:

Traceback (most recent call last):
  File "/Users/birlikzhumadil/Documents/Проекты/booking_project/booking/venv/lib/python3.12/site-packages/django/core/handlers/exception.py", line 55, in inner
    response = get_response(request)
               ^^^^^^^^^^^^^^^^^^^^^
  File "/Users/birlikzhumadil/Documents/Проекты/booking_project/booking/venv/lib/python3.12/site-packages/django/core/handlers/base.py", line 198, in _get_response
    response = wrapped_callback(request, *callback_args, **callback_kwargs)
               ^^^^^^^^^^^^^^^^^^^^^^^^^^^^^^^^^^^^^^^^^^^^^^^^^^^^^^^^^^^^
  File "/Users/birlikzhumadil/Documents/Проекты/booking_project/booking/main/views.py", line 72, in search_books
    return render(request, 'main/product/search.html', context)
           ^^^^^^^^^^^^^^^^^^^^^^^^^^^^^^^^^^^^^^^^^^^^^^^^^^^^
  File "/Users/birlikzhumadil/Documents/Проекты/booking_project/booking/venv/lib/python3.12/site-packages/django/shortcuts.py", line 25, in render
    content = loader.render_to_string(template_name, context, request, using=using)
              ^^^^^^^^^^^^^^^^^^^^^^^^^^^^^^^^^^^^^^^^^^^^^^^^^^^^^^^^^^^^^^^^^^^^^
  File "/Users/birlikzhumadil/Documents/Проекты/booking_project/booking/venv/lib/python3.12/site-packages/django/template/loader.py", line 61, in render_to_string
    template = get_template(template_name, using=using)
               ^^^^^^^^^^^^^^^^^^^^^^^^^^^^^^^^^^^^^^^^
  File "/Users/birlikzhumadil/Documents/Проекты/booking_project/booking/venv/lib/python3.12/site-packages/django/template/loader.py", line 15, in get_template
    return engine.get_template(template_name)
           ^^^^^^^^^^^^^^^^^^^^^^^^^^^^^^^^^^
  File "/Users/birlikzhumadil/Documents/Проекты/booking_project/booking/venv/lib/python3.12/site-packages/django/template/backends/django.py", line 79, in get_template
    return Template(self.engine.get_template(template_name), self)
                    ^^^^^^^^^^^^^^^^^^^^^^^^^^^^^^^^^^^^^^^
  File "/Users/birlikzhumadil/Documents/Проекты/booking_project/booking/venv/lib/python3.12/site-packages/django/template/engine.py", line 186, in get_template
    template, origin = self.find_template(template_name)
                       ^^^^^^^^^^^^^^^^^^^^^^^^^^^^^^^^^
  File "/Users/birlikzhumadil/Documents/Проекты/booking_project/booking/venv/lib/python3.12/site-packages/django/template/engine.py", line 159, in find_template
    template = loader.get_template(name, skip=skip)
               ^^^^^^^^^^^^^^^^^^^^^^^^^^^^^^^^^^^^
  File "/Users/birlikzhumadil/Documents/Проекты/booking_project/booking/venv/lib/python3.12/site-packages/django/template/loaders/cached.py", line 57, in get_template
    template = super().get_template(template_name, skip)
               ^^^^^^^^^^^^^^^^^^^^^^^^^^^^^^^^^^^^^^^^^
  File "/Users/birlikzhumadil/Documents/Проекты/booking_project/booking/venv/lib/python3.12/site-packages/django/template/loaders/base.py", line 28, in get_template
    return Template(
           ^^^^^^^^^
  File "/Users/birlikzhumadil/Documents/Проекты/booking_project/booking/venv/lib/python3.12/site-packages/django/template/base.py", line 157, in __init__
    self.nodelist = self.compile_nodelist()
                    ^^^^^^^^^^^^^^^^^^^^^^^
  File "/Users/birlikzhumadil/Documents/Проекты/booking_project/booking/venv/lib/python3.12/site-packages/django/template/base.py", line 199, in compile_nodelist
    nodelist = parser.parse()
               ^^^^^^^^^^^^^^
  File "/Users/birlikzhumadil/Documents/Проекты/booking_project/booking/venv/lib/python3.12/site-packages/django/template/base.py", line 585, in parse
    raise self.error(token, e)
  File "/Users/birlikzhumadil/Documents/Проекты/booking_project/booking/venv/lib/python3.12/site-packages/django/template/base.py", line 583, in parse
    compiled_result = compile_func(self, token)
                      ^^^^^^^^^^^^^^^^^^^^^^^^^
  File "/Users/birlikzhumadil/Documents/Проекты/booking_project/booking/venv/lib/python3.12/site-packages/django/template/loader_tags.py", line 307, in do_extends
    nodelist = parser.parse()
               ^^^^^^^^^^^^^^
  File "/Users/birlikzhumadil/Documents/Проекты/booking_project/booking/venv/lib/python3.12/site-packages/django/template/base.py", line 585, in parse
    raise self.error(token, e)
  File "/Users/birlikzhumadil/Documents/Проекты/booking_project/booking/venv/lib/python3.12/site-packages/django/template/base.py", line 583, in parse
    compiled_result = compile_func(self, token)
                      ^^^^^^^^^^^^^^^^^^^^^^^^^
  File "/Users/birlikzhumadil/Documents/Проекты/booking_project/booking/venv/lib/python3.12/site-packages/django/template/loader_tags.py", line 235, in do_block
    nodelist = parser.parse(("endblock",))
               ^^^^^^^^^^^^^^^^^^^^^^^^^^^
  File "/Users/birlikzhumadil/Documents/Проекты/booking_project/booking/venv/lib/python3.12/site-packages/django/template/base.py", line 585, in parse
    raise self.error(token, e)
  File "/Users/birlikzhumadil/Documents/Проекты/booking_project/booking/venv/lib/python3.12/site-packages/django/template/base.py", line 583, in parse
    compiled_result = compile_func(self, token)
                      ^^^^^^^^^^^^^^^^^^^^^^^^^
  File "/Users/birlikzhumadil/Documents/Проекты/booking_project/booking/venv/lib/python3.12/site-packages/django/template/defaulttags.py", line 1008, in do_if
    nodelist = parser.parse(("endif",))
               ^^^^^^^^^^^^^^^^^^^^^^^^
  File "/Users/birlikzhumadil/Documents/Проекты/booking_project/booking/venv/lib/python3.12/site-packages/django/template/base.py", line 585, in parse
    raise self.error(token, e)
  File "/Users/birlikzhumadil/Documents/Проекты/booking_project/booking/venv/lib/python3.12/site-packages/django/template/base.py", line 583, in parse
    compiled_result = compile_func(self, token)
                      ^^^^^^^^^^^^^^^^^^^^^^^^^
  File "/Users/birlikzhumadil/Documents/Проекты/booking_project/booking/venv/lib/python3.12/site-packages/django/template/defaulttags.py", line 993, in do_if
    condition = TemplateIfParser(parser, bits).parse()
                ^^^^^^^^^^^^^^^^^^^^^^^^^^^^^^
  File "/Users/birlikzhumadil/Documents/Проекты/booking_project/booking/venv/lib/python3.12/site-packages/django/template/defaulttags.py", line 926, in __init__
    super().__init__(*args, **kwargs)
  File "/Users/birlikzhumadil/Documents/Проекты/booking_project/booking/venv/lib/python3.12/site-packages/django/template/smartif.py", line 172, in __init__
    mapped_tokens.append(self.translate_token(token))
                         ^^^^^^^^^^^^^^^^^^^^^^^^^^^
  File "/Users/birlikzhumadil/Documents/Проекты/booking_project/booking/venv/lib/python3.12/site-packages/django/template/smartif.py", line 183, in translate_token
    return self.create_var(token)
           ^^^^^^^^^^^^^^^^^^^^^^
  File "/Users/birlikzhumadil/Documents/Проекты/booking_project/booking/venv/lib/python3.12/site-packages/django/template/defaulttags.py", line 929, in create_var
    return TemplateLiteral(self.template_parser.compile_filter(value), value)
                           ^^^^^^^^^^^^^^^^^^^^^^^^^^^^^^^^^^^^^^^^^^
  File "/Users/birlikzhumadil/Documents/Проекты/booking_project/booking/venv/lib/python3.12/site-packages/django/template/base.py", line 676, in compile_filter
    return FilterExpression(token, self)
           ^^^^^^^^^^^^^^^^^^^^^^^^^^^^^
  File "/Users/birlikzhumadil/Documents/Проекты/booking_project/booking/venv/lib/python3.12/site-packages/django/template/base.py", line 771, in __init__
    filter_func = parser.find_filter(filter_name)
                  ^^^^^^^^^^^^^^^^^^^^^^^^^^^^^^^
  File "/Users/birlikzhumadil/Documents/Проекты/booking_project/booking/venv/lib/python3.12/site-packages/django/template/base.py", line 682, in find_filter
    raise TemplateSyntaxError("Invalid filter: '%s'" % filter_name)
django.template.exceptions.TemplateSyntaxError: Template: /Users/birlikzhumadil/Documents/Проекты/booking_project/booking/main/templates/main/product/search.html, Invalid filter: 'lenth'
ERROR 2026-02-01 14:40:08,289 log "GET /search/?q=%D0%B6%D0%B8 HTTP/1.1" 500 235103
ERROR 2026-02-01 14:40:09,326 log Internal Server Error: /search/
Traceback (most recent call last):
  File "/Users/birlikzhumadil/Documents/Проекты/booking_project/booking/venv/lib/python3.12/site-packages/django/template/smartif.py", line 181, in translate_token
    op = OPERATORS[token]
         ~~~~~~~~~^^^^^^^
KeyError: 'query|lenth'

During handling of the above exception, another exception occurred:

Traceback (most recent call last):
  File "/Users/birlikzhumadil/Documents/Проекты/booking_project/booking/venv/lib/python3.12/site-packages/django/core/handlers/exception.py", line 55, in inner
    response = get_response(request)
               ^^^^^^^^^^^^^^^^^^^^^
  File "/Users/birlikzhumadil/Documents/Проекты/booking_project/booking/venv/lib/python3.12/site-packages/django/core/handlers/base.py", line 198, in _get_response
    response = wrapped_callback(request, *callback_args, **callback_kwargs)
               ^^^^^^^^^^^^^^^^^^^^^^^^^^^^^^^^^^^^^^^^^^^^^^^^^^^^^^^^^^^^
  File "/Users/birlikzhumadil/Documents/Проекты/booking_project/booking/main/views.py", line 72, in search_books
    return render(request, 'main/product/search.html', context)
           ^^^^^^^^^^^^^^^^^^^^^^^^^^^^^^^^^^^^^^^^^^^^^^^^^^^^
  File "/Users/birlikzhumadil/Documents/Проекты/booking_project/booking/venv/lib/python3.12/site-packages/django/shortcuts.py", line 25, in render
    content = loader.render_to_string(template_name, context, request, using=using)
              ^^^^^^^^^^^^^^^^^^^^^^^^^^^^^^^^^^^^^^^^^^^^^^^^^^^^^^^^^^^^^^^^^^^^^
  File "/Users/birlikzhumadil/Documents/Проекты/booking_project/booking/venv/lib/python3.12/site-packages/django/template/loader.py", line 61, in render_to_string
    template = get_template(template_name, using=using)
               ^^^^^^^^^^^^^^^^^^^^^^^^^^^^^^^^^^^^^^^^
  File "/Users/birlikzhumadil/Documents/Проекты/booking_project/booking/venv/lib/python3.12/site-packages/django/template/loader.py", line 15, in get_template
    return engine.get_template(template_name)
           ^^^^^^^^^^^^^^^^^^^^^^^^^^^^^^^^^^
  File "/Users/birlikzhumadil/Documents/Проекты/booking_project/booking/venv/lib/python3.12/site-packages/django/template/backends/django.py", line 79, in get_template
    return Template(self.engine.get_template(template_name), self)
                    ^^^^^^^^^^^^^^^^^^^^^^^^^^^^^^^^^^^^^^^
  File "/Users/birlikzhumadil/Documents/Проекты/booking_project/booking/venv/lib/python3.12/site-packages/django/template/engine.py", line 186, in get_template
    template, origin = self.find_template(template_name)
                       ^^^^^^^^^^^^^^^^^^^^^^^^^^^^^^^^^
  File "/Users/birlikzhumadil/Documents/Проекты/booking_project/booking/venv/lib/python3.12/site-packages/django/template/engine.py", line 159, in find_template
    template = loader.get_template(name, skip=skip)
               ^^^^^^^^^^^^^^^^^^^^^^^^^^^^^^^^^^^^
  File "/Users/birlikzhumadil/Documents/Проекты/booking_project/booking/venv/lib/python3.12/site-packages/django/template/loaders/cached.py", line 57, in get_template
    template = super().get_template(template_name, skip)
               ^^^^^^^^^^^^^^^^^^^^^^^^^^^^^^^^^^^^^^^^^
  File "/Users/birlikzhumadil/Documents/Проекты/booking_project/booking/venv/lib/python3.12/site-packages/django/template/loaders/base.py", line 28, in get_template
    return Template(
           ^^^^^^^^^
  File "/Users/birlikzhumadil/Documents/Проекты/booking_project/booking/venv/lib/python3.12/site-packages/django/template/base.py", line 157, in __init__
    self.nodelist = self.compile_nodelist()
                    ^^^^^^^^^^^^^^^^^^^^^^^
  File "/Users/birlikzhumadil/Documents/Проекты/booking_project/booking/venv/lib/python3.12/site-packages/django/template/base.py", line 199, in compile_nodelist
    nodelist = parser.parse()
               ^^^^^^^^^^^^^^
  File "/Users/birlikzhumadil/Documents/Проекты/booking_project/booking/venv/lib/python3.12/site-packages/django/template/base.py", line 585, in parse
    raise self.error(token, e)
  File "/Users/birlikzhumadil/Documents/Проекты/booking_project/booking/venv/lib/python3.12/site-packages/django/template/base.py", line 583, in parse
    compiled_result = compile_func(self, token)
                      ^^^^^^^^^^^^^^^^^^^^^^^^^
  File "/Users/birlikzhumadil/Documents/Проекты/booking_project/booking/venv/lib/python3.12/site-packages/django/template/loader_tags.py", line 307, in do_extends
    nodelist = parser.parse()
               ^^^^^^^^^^^^^^
  File "/Users/birlikzhumadil/Documents/Проекты/booking_project/booking/venv/lib/python3.12/site-packages/django/template/base.py", line 585, in parse
    raise self.error(token, e)
  File "/Users/birlikzhumadil/Documents/Проекты/booking_project/booking/venv/lib/python3.12/site-packages/django/template/base.py", line 583, in parse
    compiled_result = compile_func(self, token)
                      ^^^^^^^^^^^^^^^^^^^^^^^^^
  File "/Users/birlikzhumadil/Documents/Проекты/booking_project/booking/venv/lib/python3.12/site-packages/django/template/loader_tags.py", line 235, in do_block
    nodelist = parser.parse(("endblock",))
               ^^^^^^^^^^^^^^^^^^^^^^^^^^^
  File "/Users/birlikzhumadil/Documents/Проекты/booking_project/booking/venv/lib/python3.12/site-packages/django/template/base.py", line 585, in parse
    raise self.error(token, e)
  File "/Users/birlikzhumadil/Documents/Проекты/booking_project/booking/venv/lib/python3.12/site-packages/django/template/base.py", line 583, in parse
    compiled_result = compile_func(self, token)
                      ^^^^^^^^^^^^^^^^^^^^^^^^^
  File "/Users/birlikzhumadil/Documents/Проекты/booking_project/booking/venv/lib/python3.12/site-packages/django/template/defaulttags.py", line 1008, in do_if
    nodelist = parser.parse(("endif",))
               ^^^^^^^^^^^^^^^^^^^^^^^^
  File "/Users/birlikzhumadil/Documents/Проекты/booking_project/booking/venv/lib/python3.12/site-packages/django/template/base.py", line 585, in parse
    raise self.error(token, e)
  File "/Users/birlikzhumadil/Documents/Проекты/booking_project/booking/venv/lib/python3.12/site-packages/django/template/base.py", line 583, in parse
    compiled_result = compile_func(self, token)
                      ^^^^^^^^^^^^^^^^^^^^^^^^^
  File "/Users/birlikzhumadil/Documents/Проекты/booking_project/booking/venv/lib/python3.12/site-packages/django/template/defaulttags.py", line 993, in do_if
    condition = TemplateIfParser(parser, bits).parse()
                ^^^^^^^^^^^^^^^^^^^^^^^^^^^^^^
  File "/Users/birlikzhumadil/Documents/Проекты/booking_project/booking/venv/lib/python3.12/site-packages/django/template/defaulttags.py", line 926, in __init__
    super().__init__(*args, **kwargs)
  File "/Users/birlikzhumadil/Documents/Проекты/booking_project/booking/venv/lib/python3.12/site-packages/django/template/smartif.py", line 172, in __init__
    mapped_tokens.append(self.translate_token(token))
                         ^^^^^^^^^^^^^^^^^^^^^^^^^^^
  File "/Users/birlikzhumadil/Documents/Проекты/booking_project/booking/venv/lib/python3.12/site-packages/django/template/smartif.py", line 183, in translate_token
    return self.create_var(token)
           ^^^^^^^^^^^^^^^^^^^^^^
  File "/Users/birlikzhumadil/Documents/Проекты/booking_project/booking/venv/lib/python3.12/site-packages/django/template/defaulttags.py", line 929, in create_var
    return TemplateLiteral(self.template_parser.compile_filter(value), value)
                           ^^^^^^^^^^^^^^^^^^^^^^^^^^^^^^^^^^^^^^^^^^
  File "/Users/birlikzhumadil/Documents/Проекты/booking_project/booking/venv/lib/python3.12/site-packages/django/template/base.py", line 676, in compile_filter
    return FilterExpression(token, self)
           ^^^^^^^^^^^^^^^^^^^^^^^^^^^^^
  File "/Users/birlikzhumadil/Documents/Проекты/booking_project/booking/venv/lib/python3.12/site-packages/django/template/base.py", line 771, in __init__
    filter_func = parser.find_filter(filter_name)
                  ^^^^^^^^^^^^^^^^^^^^^^^^^^^^^^^
  File "/Users/birlikzhumadil/Documents/Проекты/booking_project/booking/venv/lib/python3.12/site-packages/django/template/base.py", line 682, in find_filter
    raise TemplateSyntaxError("Invalid filter: '%s'" % filter_name)
django.template.exceptions.TemplateSyntaxError: Template: /Users/birlikzhumadil/Documents/Проекты/booking_project/booking/main/templates/main/product/search.html, Invalid filter: 'lenth'
ERROR 2026-02-01 14:40:09,329 log "GET /search/?q=%D0%B6%D0%B8 HTTP/1.1" 500 235103
ERROR 2026-02-01 14:42:35,970 log Internal Server Error: /search/
Traceback (most recent call last):
  File "/Users/birlikzhumadil/Documents/Проекты/booking_project/booking/venv/lib/python3.12/site-packages/django/core/handlers/exception.py", line 55, in inner
    response = get_response(request)
               ^^^^^^^^^^^^^^^^^^^^^
  File "/Users/birlikzhumadil/Documents/Проекты/booking_project/booking/venv/lib/python3.12/site-packages/django/core/handlers/base.py", line 198, in _get_response
    response = wrapped_callback(request, *callback_args, **callback_kwargs)
               ^^^^^^^^^^^^^^^^^^^^^^^^^^^^^^^^^^^^^^^^^^^^^^^^^^^^^^^^^^^^
  File "/Users/birlikzhumadil/Documents/Проекты/booking_project/booking/main/views.py", line 72, in search_books
    return render(request, 'main/product/search.html', context)
           ^^^^^^^^^^^^^^^^^^^^^^^^^^^^^^^^^^^^^^^^^^^^^^^^^^^^
  File "/Users/birlikzhumadil/Documents/Проекты/booking_project/booking/venv/lib/python3.12/site-packages/django/shortcuts.py", line 25, in render
    content = loader.render_to_string(template_name, context, request, using=using)
              ^^^^^^^^^^^^^^^^^^^^^^^^^^^^^^^^^^^^^^^^^^^^^^^^^^^^^^^^^^^^^^^^^^^^^
  File "/Users/birlikzhumadil/Documents/Проекты/booking_project/booking/venv/lib/python3.12/site-packages/django/template/loader.py", line 61, in render_to_string
    template = get_template(template_name, using=using)
               ^^^^^^^^^^^^^^^^^^^^^^^^^^^^^^^^^^^^^^^^
  File "/Users/birlikzhumadil/Documents/Проекты/booking_project/booking/venv/lib/python3.12/site-packages/django/template/loader.py", line 15, in get_template
    return engine.get_template(template_name)
           ^^^^^^^^^^^^^^^^^^^^^^^^^^^^^^^^^^
  File "/Users/birlikzhumadil/Documents/Проекты/booking_project/booking/venv/lib/python3.12/site-packages/django/template/backends/django.py", line 79, in get_template
    return Template(self.engine.get_template(template_name), self)
                    ^^^^^^^^^^^^^^^^^^^^^^^^^^^^^^^^^^^^^^^
  File "/Users/birlikzhumadil/Documents/Проекты/booking_project/booking/venv/lib/python3.12/site-packages/django/template/engine.py", line 186, in get_template
    template, origin = self.find_template(template_name)
                       ^^^^^^^^^^^^^^^^^^^^^^^^^^^^^^^^^
  File "/Users/birlikzhumadil/Documents/Проекты/booking_project/booking/venv/lib/python3.12/site-packages/django/template/engine.py", line 159, in find_template
    template = loader.get_template(name, skip=skip)
               ^^^^^^^^^^^^^^^^^^^^^^^^^^^^^^^^^^^^
  File "/Users/birlikzhumadil/Documents/Проекты/booking_project/booking/venv/lib/python3.12/site-packages/django/template/loaders/cached.py", line 57, in get_template
    template = super().get_template(template_name, skip)
               ^^^^^^^^^^^^^^^^^^^^^^^^^^^^^^^^^^^^^^^^^
  File "/Users/birlikzhumadil/Documents/Проекты/booking_project/booking/venv/lib/python3.12/site-packages/django/template/loaders/base.py", line 28, in get_template
    return Template(
           ^^^^^^^^^
  File "/Users/birlikzhumadil/Documents/Проекты/booking_project/booking/venv/lib/python3.12/site-packages/django/template/base.py", line 157, in __init__
    self.nodelist = self.compile_nodelist()
                    ^^^^^^^^^^^^^^^^^^^^^^^
  File "/Users/birlikzhumadil/Documents/Проекты/booking_project/booking/venv/lib/python3.12/site-packages/django/template/base.py", line 199, in compile_nodelist
    nodelist = parser.parse()
               ^^^^^^^^^^^^^^
  File "/Users/birlikzhumadil/Documents/Проекты/booking_project/booking/venv/lib/python3.12/site-packages/django/template/base.py", line 585, in parse
    raise self.error(token, e)
  File "/Users/birlikzhumadil/Documents/Проекты/booking_project/booking/venv/lib/python3.12/site-packages/django/template/base.py", line 583, in parse
    compiled_result = compile_func(self, token)
                      ^^^^^^^^^^^^^^^^^^^^^^^^^
  File "/Users/birlikzhumadil/Documents/Проекты/booking_project/booking/venv/lib/python3.12/site-packages/django/template/loader_tags.py", line 307, in do_extends
    nodelist = parser.parse()
               ^^^^^^^^^^^^^^
  File "/Users/birlikzhumadil/Documents/Проекты/booking_project/booking/venv/lib/python3.12/site-packages/django/template/base.py", line 585, in parse
    raise self.error(token, e)
  File "/Users/birlikzhumadil/Documents/Проекты/booking_project/booking/venv/lib/python3.12/site-packages/django/template/base.py", line 583, in parse
    compiled_result = compile_func(self, token)
                      ^^^^^^^^^^^^^^^^^^^^^^^^^
  File "/Users/birlikzhumadil/Documents/Проекты/booking_project/booking/venv/lib/python3.12/site-packages/django/template/loader_tags.py", line 235, in do_block
    nodelist = parser.parse(("endblock",))
               ^^^^^^^^^^^^^^^^^^^^^^^^^^^
  File "/Users/birlikzhumadil/Documents/Проекты/booking_project/booking/venv/lib/python3.12/site-packages/django/template/base.py", line 585, in parse
    raise self.error(token, e)
  File "/Users/birlikzhumadil/Documents/Проекты/booking_project/booking/venv/lib/python3.12/site-packages/django/template/base.py", line 583, in parse
    compiled_result = compile_func(self, token)
                      ^^^^^^^^^^^^^^^^^^^^^^^^^
  File "/Users/birlikzhumadil/Documents/Проекты/booking_project/booking/venv/lib/python3.12/site-packages/django/template/defaulttags.py", line 1008, in do_if
    nodelist = parser.parse(("endif",))
               ^^^^^^^^^^^^^^^^^^^^^^^^
  File "/Users/birlikzhumadil/Documents/Проекты/booking_project/booking/venv/lib/python3.12/site-packages/django/template/base.py", line 585, in parse
    raise self.error(token, e)
  File "/Users/birlikzhumadil/Documents/Проекты/booking_project/booking/venv/lib/python3.12/site-packages/django/template/base.py", line 583, in parse
    compiled_result = compile_func(self, token)
                      ^^^^^^^^^^^^^^^^^^^^^^^^^
  File "/Users/birlikzhumadil/Documents/Проекты/booking_project/booking/venv/lib/python3.12/site-packages/django/template/defaulttags.py", line 1001, in do_if
    condition = TemplateIfParser(parser, bits).parse()
                ^^^^^^^^^^^^^^^^^^^^^^^^^^^^^^^^^^^^^^
  File "/Users/birlikzhumadil/Documents/Проекты/booking_project/booking/venv/lib/python3.12/site-packages/django/template/smartif.py", line 199, in parse
    raise self.error_class(
django.template.exceptions.TemplateSyntaxError: Template: /Users/birlikzhumadil/Documents/Проекты/booking_project/booking/main/templates/main/product/search.html, Unused 'query|length' at end of if expression.
ERROR 2026-02-01 14:42:35,972 log "GET /search/?q=%D0%B6%D0%B8 HTTP/1.1" 500 198895
ERROR 2026-02-01 14:42:36,644 log Internal Server Error: /search/
Traceback (most recent call last):
  File "/Users/birlikzhumadil/Documents/Проекты/booking_project/booking/venv/lib/python3.12/site-packages/django/core/handlers/exception.py", line 55, in inner
    response = get_response(request)
               ^^^^^^^^^^^^^^^^^^^^^
  File "/Users/birlikzhumadil/Documents/Проекты/booking_project/booking/venv/lib/python3.12/site-packages/django/core/handlers/base.py", line 198, in _get_response
    response = wrapped_callback(request, *callback_args, **callback_kwargs)
               ^^^^^^^^^^^^^^^^^^^^^^^^^^^^^^^^^^^^^^^^^^^^^^^^^^^^^^^^^^^^
  File "/Users/birlikzhumadil/Documents/Проекты/booking_project/booking/main/views.py", line 72, in search_books
    return render(request, 'main/product/search.html', context)
           ^^^^^^^^^^^^^^^^^^^^^^^^^^^^^^^^^^^^^^^^^^^^^^^^^^^^
  File "/Users/birlikzhumadil/Documents/Проекты/booking_project/booking/venv/lib/python3.12/site-packages/django/shortcuts.py", line 25, in render
    content = loader.render_to_string(template_name, context, request, using=using)
              ^^^^^^^^^^^^^^^^^^^^^^^^^^^^^^^^^^^^^^^^^^^^^^^^^^^^^^^^^^^^^^^^^^^^^
  File "/Users/birlikzhumadil/Documents/Проекты/booking_project/booking/venv/lib/python3.12/site-packages/django/template/loader.py", line 61, in render_to_string
    template = get_template(template_name, using=using)
               ^^^^^^^^^^^^^^^^^^^^^^^^^^^^^^^^^^^^^^^^
  File "/Users/birlikzhumadil/Documents/Проекты/booking_project/booking/venv/lib/python3.12/site-packages/django/template/loader.py", line 15, in get_template
    return engine.get_template(template_name)
           ^^^^^^^^^^^^^^^^^^^^^^^^^^^^^^^^^^
  File "/Users/birlikzhumadil/Documents/Проекты/booking_project/booking/venv/lib/python3.12/site-packages/django/template/backends/django.py", line 79, in get_template
    return Template(self.engine.get_template(template_name), self)
                    ^^^^^^^^^^^^^^^^^^^^^^^^^^^^^^^^^^^^^^^
  File "/Users/birlikzhumadil/Documents/Проекты/booking_project/booking/venv/lib/python3.12/site-packages/django/template/engine.py", line 186, in get_template
    template, origin = self.find_template(template_name)
                       ^^^^^^^^^^^^^^^^^^^^^^^^^^^^^^^^^
  File "/Users/birlikzhumadil/Documents/Проекты/booking_project/booking/venv/lib/python3.12/site-packages/django/template/engine.py", line 159, in find_template
    template = loader.get_template(name, skip=skip)
               ^^^^^^^^^^^^^^^^^^^^^^^^^^^^^^^^^^^^
  File "/Users/birlikzhumadil/Documents/Проекты/booking_project/booking/venv/lib/python3.12/site-packages/django/template/loaders/cached.py", line 57, in get_template
    template = super().get_template(template_name, skip)
               ^^^^^^^^^^^^^^^^^^^^^^^^^^^^^^^^^^^^^^^^^
  File "/Users/birlikzhumadil/Documents/Проекты/booking_project/booking/venv/lib/python3.12/site-packages/django/template/loaders/base.py", line 28, in get_template
    return Template(
           ^^^^^^^^^
  File "/Users/birlikzhumadil/Documents/Проекты/booking_project/booking/venv/lib/python3.12/site-packages/django/template/base.py", line 157, in __init__
    self.nodelist = self.compile_nodelist()
                    ^^^^^^^^^^^^^^^^^^^^^^^
  File "/Users/birlikzhumadil/Documents/Проекты/booking_project/booking/venv/lib/python3.12/site-packages/django/template/base.py", line 199, in compile_nodelist
    nodelist = parser.parse()
               ^^^^^^^^^^^^^^
  File "/Users/birlikzhumadil/Documents/Проекты/booking_project/booking/venv/lib/python3.12/site-packages/django/template/base.py", line 585, in parse
    raise self.error(token, e)
  File "/Users/birlikzhumadil/Documents/Проекты/booking_project/booking/venv/lib/python3.12/site-packages/django/template/base.py", line 583, in parse
    compiled_result = compile_func(self, token)
                      ^^^^^^^^^^^^^^^^^^^^^^^^^
  File "/Users/birlikzhumadil/Documents/Проекты/booking_project/booking/venv/lib/python3.12/site-packages/django/template/loader_tags.py", line 307, in do_extends
    nodelist = parser.parse()
               ^^^^^^^^^^^^^^
  File "/Users/birlikzhumadil/Documents/Проекты/booking_project/booking/venv/lib/python3.12/site-packages/django/template/base.py", line 585, in parse
    raise self.error(token, e)
  File "/Users/birlikzhumadil/Documents/Проекты/booking_project/booking/venv/lib/python3.12/site-packages/django/template/base.py", line 583, in parse
    compiled_result = compile_func(self, token)
                      ^^^^^^^^^^^^^^^^^^^^^^^^^
  File "/Users/birlikzhumadil/Documents/Проекты/booking_project/booking/venv/lib/python3.12/site-packages/django/template/loader_tags.py", line 235, in do_block
    nodelist = parser.parse(("endblock",))
               ^^^^^^^^^^^^^^^^^^^^^^^^^^^
  File "/Users/birlikzhumadil/Documents/Проекты/booking_project/booking/venv/lib/python3.12/site-packages/django/template/base.py", line 585, in parse
    raise self.error(token, e)
  File "/Users/birlikzhumadil/Documents/Проекты/booking_project/booking/venv/lib/python3.12/site-packages/django/template/base.py", line 583, in parse
    compiled_result = compile_func(self, token)
                      ^^^^^^^^^^^^^^^^^^^^^^^^^
  File "/Users/birlikzhumadil/Documents/Проекты/booking_project/booking/venv/lib/python3.12/site-packages/django/template/defaulttags.py", line 1008, in do_if
    nodelist = parser.parse(("endif",))
               ^^^^^^^^^^^^^^^^^^^^^^^^
  File "/Users/birlikzhumadil/Documents/Проекты/booking_project/booking/venv/lib/python3.12/site-packages/django/template/base.py", line 585, in parse
    raise self.error(token, e)
  File "/Users/birlikzhumadil/Documents/Проекты/booking_project/booking/venv/lib/python3.12/site-packages/django/template/base.py", line 583, in parse
    compiled_result = compile_func(self, token)
                      ^^^^^^^^^^^^^^^^^^^^^^^^^
  File "/Users/birlikzhumadil/Documents/Проекты/booking_project/booking/venv/lib/python3.12/site-packages/django/template/defaulttags.py", line 1001, in do_if
    condition = TemplateIfParser(parser, bits).parse()
                ^^^^^^^^^^^^^^^^^^^^^^^^^^^^^^^^^^^^^^
  File "/Users/birlikzhumadil/Documents/Проекты/booking_project/booking/venv/lib/python3.12/site-packages/django/template/smartif.py", line 199, in parse
    raise self.error_class(
django.template.exceptions.TemplateSyntaxError: Template: /Users/birlikzhumadil/Documents/Проекты/booking_project/booking/main/templates/main/product/search.html, Unused 'query|length' at end of if expression.
ERROR 2026-02-01 14:42:36,647 log "GET /search/?q=%D0%B6%D0%B8 HTTP/1.1" 500 198767
ERROR 2026-02-01 14:42:37,284 log Internal Server Error: /search/
Traceback (most recent call last):
  File "/Users/birlikzhumadil/Documents/Проекты/booking_project/booking/venv/lib/python3.12/site-packages/django/core/handlers/exception.py", line 55, in inner
    response = get_response(request)
               ^^^^^^^^^^^^^^^^^^^^^
  File "/Users/birlikzhumadil/Documents/Проекты/booking_project/booking/venv/lib/python3.12/site-packages/django/core/handlers/base.py", line 198, in _get_response
    response = wrapped_callback(request, *callback_args, **callback_kwargs)
               ^^^^^^^^^^^^^^^^^^^^^^^^^^^^^^^^^^^^^^^^^^^^^^^^^^^^^^^^^^^^
  File "/Users/birlikzhumadil/Documents/Проекты/booking_project/booking/main/views.py", line 72, in search_books
    return render(request, 'main/product/search.html', context)
           ^^^^^^^^^^^^^^^^^^^^^^^^^^^^^^^^^^^^^^^^^^^^^^^^^^^^
  File "/Users/birlikzhumadil/Documents/Проекты/booking_project/booking/venv/lib/python3.12/site-packages/django/shortcuts.py", line 25, in render
    content = loader.render_to_string(template_name, context, request, using=using)
              ^^^^^^^^^^^^^^^^^^^^^^^^^^^^^^^^^^^^^^^^^^^^^^^^^^^^^^^^^^^^^^^^^^^^^
  File "/Users/birlikzhumadil/Documents/Проекты/booking_project/booking/venv/lib/python3.12/site-packages/django/template/loader.py", line 61, in render_to_string
    template = get_template(template_name, using=using)
               ^^^^^^^^^^^^^^^^^^^^^^^^^^^^^^^^^^^^^^^^
  File "/Users/birlikzhumadil/Documents/Проекты/booking_project/booking/venv/lib/python3.12/site-packages/django/template/loader.py", line 15, in get_template
    return engine.get_template(template_name)
           ^^^^^^^^^^^^^^^^^^^^^^^^^^^^^^^^^^
  File "/Users/birlikzhumadil/Documents/Проекты/booking_project/booking/venv/lib/python3.12/site-packages/django/template/backends/django.py", line 79, in get_template
    return Template(self.engine.get_template(template_name), self)
                    ^^^^^^^^^^^^^^^^^^^^^^^^^^^^^^^^^^^^^^^
  File "/Users/birlikzhumadil/Documents/Проекты/booking_project/booking/venv/lib/python3.12/site-packages/django/template/engine.py", line 186, in get_template
    template, origin = self.find_template(template_name)
                       ^^^^^^^^^^^^^^^^^^^^^^^^^^^^^^^^^
  File "/Users/birlikzhumadil/Documents/Проекты/booking_project/booking/venv/lib/python3.12/site-packages/django/template/engine.py", line 159, in find_template
    template = loader.get_template(name, skip=skip)
               ^^^^^^^^^^^^^^^^^^^^^^^^^^^^^^^^^^^^
  File "/Users/birlikzhumadil/Documents/Проекты/booking_project/booking/venv/lib/python3.12/site-packages/django/template/loaders/cached.py", line 57, in get_template
    template = super().get_template(template_name, skip)
               ^^^^^^^^^^^^^^^^^^^^^^^^^^^^^^^^^^^^^^^^^
  File "/Users/birlikzhumadil/Documents/Проекты/booking_project/booking/venv/lib/python3.12/site-packages/django/template/loaders/base.py", line 28, in get_template
    return Template(
           ^^^^^^^^^
  File "/Users/birlikzhumadil/Documents/Проекты/booking_project/booking/venv/lib/python3.12/site-packages/django/template/base.py", line 157, in __init__
    self.nodelist = self.compile_nodelist()
                    ^^^^^^^^^^^^^^^^^^^^^^^
  File "/Users/birlikzhumadil/Documents/Проекты/booking_project/booking/venv/lib/python3.12/site-packages/django/template/base.py", line 199, in compile_nodelist
    nodelist = parser.parse()
               ^^^^^^^^^^^^^^
  File "/Users/birlikzhumadil/Documents/Проекты/booking_project/booking/venv/lib/python3.12/site-packages/django/template/base.py", line 585, in parse
    raise self.error(token, e)
  File "/Users/birlikzhumadil/Documents/Проекты/booking_project/booking/venv/lib/python3.12/site-packages/django/template/base.py", line 583, in parse
    compiled_result = compile_func(self, token)
                      ^^^^^^^^^^^^^^^^^^^^^^^^^
  File "/Users/birlikzhumadil/Documents/Проекты/booking_project/booking/venv/lib/python3.12/site-packages/django/template/loader_tags.py", line 307, in do_extends
    nodelist = parser.parse()
               ^^^^^^^^^^^^^^
  File "/Users/birlikzhumadil/Documents/Проекты/booking_project/booking/venv/lib/python3.12/site-packages/django/template/base.py", line 585, in parse
    raise self.error(token, e)
  File "/Users/birlikzhumadil/Documents/Проекты/booking_project/booking/venv/lib/python3.12/site-packages/django/template/base.py", line 583, in parse
    compiled_result = compile_func(self, token)
                      ^^^^^^^^^^^^^^^^^^^^^^^^^
  File "/Users/birlikzhumadil/Documents/Проекты/booking_project/booking/venv/lib/python3.12/site-packages/django/template/loader_tags.py", line 235, in do_block
    nodelist = parser.parse(("endblock",))
               ^^^^^^^^^^^^^^^^^^^^^^^^^^^
  File "/Users/birlikzhumadil/Documents/Проекты/booking_project/booking/venv/lib/python3.12/site-packages/django/template/base.py", line 585, in parse
    raise self.error(token, e)
  File "/Users/birlikzhumadil/Documents/Проекты/booking_project/booking/venv/lib/python3.12/site-packages/django/template/base.py", line 583, in parse
    compiled_result = compile_func(self, token)
                      ^^^^^^^^^^^^^^^^^^^^^^^^^
  File "/Users/birlikzhumadil/Documents/Проекты/booking_project/booking/venv/lib/python3.12/site-packages/django/template/defaulttags.py", line 1008, in do_if
    nodelist = parser.parse(("endif",))
               ^^^^^^^^^^^^^^^^^^^^^^^^
  File "/Users/birlikzhumadil/Documents/Проекты/booking_project/booking/venv/lib/python3.12/site-packages/django/template/base.py", line 585, in parse
    raise self.error(token, e)
  File "/Users/birlikzhumadil/Documents/Проекты/booking_project/booking/venv/lib/python3.12/site-packages/django/template/base.py", line 583, in parse
    compiled_result = compile_func(self, token)
                      ^^^^^^^^^^^^^^^^^^^^^^^^^
  File "/Users/birlikzhumadil/Documents/Проекты/booking_project/booking/venv/lib/python3.12/site-packages/django/template/defaulttags.py", line 1001, in do_if
    condition = TemplateIfParser(parser, bits).parse()
                ^^^^^^^^^^^^^^^^^^^^^^^^^^^^^^^^^^^^^^
  File "/Users/birlikzhumadil/Documents/Проекты/booking_project/booking/venv/lib/python3.12/site-packages/django/template/smartif.py", line 199, in parse
    raise self.error_class(
django.template.exceptions.TemplateSyntaxError: Template: /Users/birlikzhumadil/Documents/Проекты/booking_project/booking/main/templates/main/product/search.html, Unused 'query|length' at end of if expression.
ERROR 2026-02-01 14:42:37,286 log "GET /search/?q=%D0%B6%D0%B8 HTTP/1.1" 500 198767
ERROR 2026-02-01 14:42:38,376 log Internal Server Error: /search/
Traceback (most recent call last):
  File "/Users/birlikzhumadil/Documents/Проекты/booking_project/booking/venv/lib/python3.12/site-packages/django/core/handlers/exception.py", line 55, in inner
    response = get_response(request)
               ^^^^^^^^^^^^^^^^^^^^^
  File "/Users/birlikzhumadil/Documents/Проекты/booking_project/booking/venv/lib/python3.12/site-packages/django/core/handlers/base.py", line 198, in _get_response
    response = wrapped_callback(request, *callback_args, **callback_kwargs)
               ^^^^^^^^^^^^^^^^^^^^^^^^^^^^^^^^^^^^^^^^^^^^^^^^^^^^^^^^^^^^
  File "/Users/birlikzhumadil/Documents/Проекты/booking_project/booking/main/views.py", line 72, in search_books
    return render(request, 'main/product/search.html', context)
           ^^^^^^^^^^^^^^^^^^^^^^^^^^^^^^^^^^^^^^^^^^^^^^^^^^^^
  File "/Users/birlikzhumadil/Documents/Проекты/booking_project/booking/venv/lib/python3.12/site-packages/django/shortcuts.py", line 25, in render
    content = loader.render_to_string(template_name, context, request, using=using)
              ^^^^^^^^^^^^^^^^^^^^^^^^^^^^^^^^^^^^^^^^^^^^^^^^^^^^^^^^^^^^^^^^^^^^^
  File "/Users/birlikzhumadil/Documents/Проекты/booking_project/booking/venv/lib/python3.12/site-packages/django/template/loader.py", line 61, in render_to_string
    template = get_template(template_name, using=using)
               ^^^^^^^^^^^^^^^^^^^^^^^^^^^^^^^^^^^^^^^^
  File "/Users/birlikzhumadil/Documents/Проекты/booking_project/booking/venv/lib/python3.12/site-packages/django/template/loader.py", line 15, in get_template
    return engine.get_template(template_name)
           ^^^^^^^^^^^^^^^^^^^^^^^^^^^^^^^^^^
  File "/Users/birlikzhumadil/Documents/Проекты/booking_project/booking/venv/lib/python3.12/site-packages/django/template/backends/django.py", line 79, in get_template
    return Template(self.engine.get_template(template_name), self)
                    ^^^^^^^^^^^^^^^^^^^^^^^^^^^^^^^^^^^^^^^
  File "/Users/birlikzhumadil/Documents/Проекты/booking_project/booking/venv/lib/python3.12/site-packages/django/template/engine.py", line 186, in get_template
    template, origin = self.find_template(template_name)
                       ^^^^^^^^^^^^^^^^^^^^^^^^^^^^^^^^^
  File "/Users/birlikzhumadil/Documents/Проекты/booking_project/booking/venv/lib/python3.12/site-packages/django/template/engine.py", line 159, in find_template
    template = loader.get_template(name, skip=skip)
               ^^^^^^^^^^^^^^^^^^^^^^^^^^^^^^^^^^^^
  File "/Users/birlikzhumadil/Documents/Проекты/booking_project/booking/venv/lib/python3.12/site-packages/django/template/loaders/cached.py", line 57, in get_template
    template = super().get_template(template_name, skip)
               ^^^^^^^^^^^^^^^^^^^^^^^^^^^^^^^^^^^^^^^^^
  File "/Users/birlikzhumadil/Documents/Проекты/booking_project/booking/venv/lib/python3.12/site-packages/django/template/loaders/base.py", line 28, in get_template
    return Template(
           ^^^^^^^^^
  File "/Users/birlikzhumadil/Documents/Проекты/booking_project/booking/venv/lib/python3.12/site-packages/django/template/base.py", line 157, in __init__
    self.nodelist = self.compile_nodelist()
                    ^^^^^^^^^^^^^^^^^^^^^^^
  File "/Users/birlikzhumadil/Documents/Проекты/booking_project/booking/venv/lib/python3.12/site-packages/django/template/base.py", line 199, in compile_nodelist
    nodelist = parser.parse()
               ^^^^^^^^^^^^^^
  File "/Users/birlikzhumadil/Documents/Проекты/booking_project/booking/venv/lib/python3.12/site-packages/django/template/base.py", line 585, in parse
    raise self.error(token, e)
  File "/Users/birlikzhumadil/Documents/Проекты/booking_project/booking/venv/lib/python3.12/site-packages/django/template/base.py", line 583, in parse
    compiled_result = compile_func(self, token)
                      ^^^^^^^^^^^^^^^^^^^^^^^^^
  File "/Users/birlikzhumadil/Documents/Проекты/booking_project/booking/venv/lib/python3.12/site-packages/django/template/loader_tags.py", line 307, in do_extends
    nodelist = parser.parse()
               ^^^^^^^^^^^^^^
  File "/Users/birlikzhumadil/Documents/Проекты/booking_project/booking/venv/lib/python3.12/site-packages/django/template/base.py", line 585, in parse
    raise self.error(token, e)
  File "/Users/birlikzhumadil/Documents/Проекты/booking_project/booking/venv/lib/python3.12/site-packages/django/template/base.py", line 583, in parse
    compiled_result = compile_func(self, token)
                      ^^^^^^^^^^^^^^^^^^^^^^^^^
  File "/Users/birlikzhumadil/Documents/Проекты/booking_project/booking/venv/lib/python3.12/site-packages/django/template/loader_tags.py", line 235, in do_block
    nodelist = parser.parse(("endblock",))
               ^^^^^^^^^^^^^^^^^^^^^^^^^^^
  File "/Users/birlikzhumadil/Documents/Проекты/booking_project/booking/venv/lib/python3.12/site-packages/django/template/base.py", line 585, in parse
    raise self.error(token, e)
  File "/Users/birlikzhumadil/Documents/Проекты/booking_project/booking/venv/lib/python3.12/site-packages/django/template/base.py", line 583, in parse
    compiled_result = compile_func(self, token)
                      ^^^^^^^^^^^^^^^^^^^^^^^^^
  File "/Users/birlikzhumadil/Documents/Проекты/booking_project/booking/venv/lib/python3.12/site-packages/django/template/defaulttags.py", line 1008, in do_if
    nodelist = parser.parse(("endif",))
               ^^^^^^^^^^^^^^^^^^^^^^^^
  File "/Users/birlikzhumadil/Documents/Проекты/booking_project/booking/venv/lib/python3.12/site-packages/django/template/base.py", line 585, in parse
    raise self.error(token, e)
  File "/Users/birlikzhumadil/Documents/Проекты/booking_project/booking/venv/lib/python3.12/site-packages/django/template/base.py", line 583, in parse
    compiled_result = compile_func(self, token)
                      ^^^^^^^^^^^^^^^^^^^^^^^^^
  File "/Users/birlikzhumadil/Documents/Проекты/booking_project/booking/venv/lib/python3.12/site-packages/django/template/defaulttags.py", line 1001, in do_if
    condition = TemplateIfParser(parser, bits).parse()
                ^^^^^^^^^^^^^^^^^^^^^^^^^^^^^^^^^^^^^^
  File "/Users/birlikzhumadil/Documents/Проекты/booking_project/booking/venv/lib/python3.12/site-packages/django/template/smartif.py", line 199, in parse
    raise self.error_class(
django.template.exceptions.TemplateSyntaxError: Template: /Users/birlikzhumadil/Documents/Проекты/booking_project/booking/main/templates/main/product/search.html, Unused 'query|length' at end of if expression.
ERROR 2026-02-01 14:42:38,377 log "GET /search/?q=%D0%B6%D0%B8 HTTP/1.1" 500 198895
ERROR 2026-02-01 14:43:56,043 log Internal Server Error: /search/
Traceback (most recent call last):
  File "/Users/birlikzhumadil/Documents/Проекты/booking_project/booking/venv/lib/python3.12/site-packages/django/core/handlers/exception.py", line 55, in inner
    response = get_response(request)
               ^^^^^^^^^^^^^^^^^^^^^
  File "/Users/birlikzhumadil/Documents/Проекты/booking_project/booking/venv/lib/python3.12/site-packages/django/core/handlers/base.py", line 198, in _get_response
    response = wrapped_callback(request, *callback_args, **callback_kwargs)
               ^^^^^^^^^^^^^^^^^^^^^^^^^^^^^^^^^^^^^^^^^^^^^^^^^^^^^^^^^^^^
  File "/Users/birlikzhumadil/Documents/Проекты/booking_project/booking/main/views.py", line 72, in search_books
    return render(request, 'main/product/search.html', context)
           ^^^^^^^^^^^^^^^^^^^^^^^^^^^^^^^^^^^^^^^^^^^^^^^^^^^^
  File "/Users/birlikzhumadil/Documents/Проекты/booking_project/booking/venv/lib/python3.12/site-packages/django/shortcuts.py", line 25, in render
    content = loader.render_to_string(template_name, context, request, using=using)
              ^^^^^^^^^^^^^^^^^^^^^^^^^^^^^^^^^^^^^^^^^^^^^^^^^^^^^^^^^^^^^^^^^^^^^
  File "/Users/birlikzhumadil/Documents/Проекты/booking_project/booking/venv/lib/python3.12/site-packages/django/template/loader.py", line 61, in render_to_string
    template = get_template(template_name, using=using)
               ^^^^^^^^^^^^^^^^^^^^^^^^^^^^^^^^^^^^^^^^
  File "/Users/birlikzhumadil/Documents/Проекты/booking_project/booking/venv/lib/python3.12/site-packages/django/template/loader.py", line 15, in get_template
    return engine.get_template(template_name)
           ^^^^^^^^^^^^^^^^^^^^^^^^^^^^^^^^^^
  File "/Users/birlikzhumadil/Documents/Проекты/booking_project/booking/venv/lib/python3.12/site-packages/django/template/backends/django.py", line 79, in get_template
    return Template(self.engine.get_template(template_name), self)
                    ^^^^^^^^^^^^^^^^^^^^^^^^^^^^^^^^^^^^^^^
  File "/Users/birlikzhumadil/Documents/Проекты/booking_project/booking/venv/lib/python3.12/site-packages/django/template/engine.py", line 186, in get_template
    template, origin = self.find_template(template_name)
                       ^^^^^^^^^^^^^^^^^^^^^^^^^^^^^^^^^
  File "/Users/birlikzhumadil/Documents/Проекты/booking_project/booking/venv/lib/python3.12/site-packages/django/template/engine.py", line 159, in find_template
    template = loader.get_template(name, skip=skip)
               ^^^^^^^^^^^^^^^^^^^^^^^^^^^^^^^^^^^^
  File "/Users/birlikzhumadil/Documents/Проекты/booking_project/booking/venv/lib/python3.12/site-packages/django/template/loaders/cached.py", line 57, in get_template
    template = super().get_template(template_name, skip)
               ^^^^^^^^^^^^^^^^^^^^^^^^^^^^^^^^^^^^^^^^^
  File "/Users/birlikzhumadil/Documents/Проекты/booking_project/booking/venv/lib/python3.12/site-packages/django/template/loaders/base.py", line 28, in get_template
    return Template(
           ^^^^^^^^^
  File "/Users/birlikzhumadil/Documents/Проекты/booking_project/booking/venv/lib/python3.12/site-packages/django/template/base.py", line 157, in __init__
    self.nodelist = self.compile_nodelist()
                    ^^^^^^^^^^^^^^^^^^^^^^^
  File "/Users/birlikzhumadil/Documents/Проекты/booking_project/booking/venv/lib/python3.12/site-packages/django/template/base.py", line 199, in compile_nodelist
    nodelist = parser.parse()
               ^^^^^^^^^^^^^^
  File "/Users/birlikzhumadil/Documents/Проекты/booking_project/booking/venv/lib/python3.12/site-packages/django/template/base.py", line 585, in parse
    raise self.error(token, e)
  File "/Users/birlikzhumadil/Documents/Проекты/booking_project/booking/venv/lib/python3.12/site-packages/django/template/base.py", line 583, in parse
    compiled_result = compile_func(self, token)
                      ^^^^^^^^^^^^^^^^^^^^^^^^^
  File "/Users/birlikzhumadil/Documents/Проекты/booking_project/booking/venv/lib/python3.12/site-packages/django/template/loader_tags.py", line 307, in do_extends
    nodelist = parser.parse()
               ^^^^^^^^^^^^^^
  File "/Users/birlikzhumadil/Documents/Проекты/booking_project/booking/venv/lib/python3.12/site-packages/django/template/base.py", line 585, in parse
    raise self.error(token, e)
  File "/Users/birlikzhumadil/Documents/Проекты/booking_project/booking/venv/lib/python3.12/site-packages/django/template/base.py", line 583, in parse
    compiled_result = compile_func(self, token)
                      ^^^^^^^^^^^^^^^^^^^^^^^^^
  File "/Users/birlikzhumadil/Documents/Проекты/booking_project/booking/venv/lib/python3.12/site-packages/django/template/loader_tags.py", line 235, in do_block
    nodelist = parser.parse(("endblock",))
               ^^^^^^^^^^^^^^^^^^^^^^^^^^^
  File "/Users/birlikzhumadil/Documents/Проекты/booking_project/booking/venv/lib/python3.12/site-packages/django/template/base.py", line 585, in parse
    raise self.error(token, e)
  File "/Users/birlikzhumadil/Documents/Проекты/booking_project/booking/venv/lib/python3.12/site-packages/django/template/base.py", line 583, in parse
    compiled_result = compile_func(self, token)
                      ^^^^^^^^^^^^^^^^^^^^^^^^^
  File "/Users/birlikzhumadil/Documents/Проекты/booking_project/booking/venv/lib/python3.12/site-packages/django/template/defaulttags.py", line 1008, in do_if
    nodelist = parser.parse(("endif",))
               ^^^^^^^^^^^^^^^^^^^^^^^^
  File "/Users/birlikzhumadil/Documents/Проекты/booking_project/booking/venv/lib/python3.12/site-packages/django/template/base.py", line 585, in parse
    raise self.error(token, e)
  File "/Users/birlikzhumadil/Documents/Проекты/booking_project/booking/venv/lib/python3.12/site-packages/django/template/base.py", line 583, in parse
    compiled_result = compile_func(self, token)
                      ^^^^^^^^^^^^^^^^^^^^^^^^^
  File "/Users/birlikzhumadil/Documents/Проекты/booking_project/booking/venv/lib/python3.12/site-packages/django/template/defaulttags.py", line 1001, in do_if
    condition = TemplateIfParser(parser, bits).parse()
                ^^^^^^^^^^^^^^^^^^^^^^^^^^^^^^^^^^^^^^
  File "/Users/birlikzhumadil/Documents/Проекты/booking_project/booking/venv/lib/python3.12/site-packages/django/template/smartif.py", line 196, in parse
    retval = self.expression()
             ^^^^^^^^^^^^^^^^^
  File "/Users/birlikzhumadil/Documents/Проекты/booking_project/booking/venv/lib/python3.12/site-packages/django/template/smartif.py", line 207, in expression
    left = t.nud(self)
           ^^^^^^^^^^^
  File "/Users/birlikzhumadil/Documents/Проекты/booking_project/booking/venv/lib/python3.12/site-packages/django/template/smartif.py", line 150, in nud
    raise parser.error_class("Unexpected end of expression in if tag.")
django.template.exceptions.TemplateSyntaxError: Template: /Users/birlikzhumadil/Documents/Проекты/booking_project/booking/main/templates/main/product/search.html, Unexpected end of expression in if tag.
ERROR 2026-02-01 14:43:56,049 log "GET /search/?q=%D0%B4 HTTP/1.1" 500 207848
ERROR 2026-02-01 14:43:56,691 log Internal Server Error: /search/
Traceback (most recent call last):
  File "/Users/birlikzhumadil/Documents/Проекты/booking_project/booking/venv/lib/python3.12/site-packages/django/core/handlers/exception.py", line 55, in inner
    response = get_response(request)
               ^^^^^^^^^^^^^^^^^^^^^
  File "/Users/birlikzhumadil/Documents/Проекты/booking_project/booking/venv/lib/python3.12/site-packages/django/core/handlers/base.py", line 198, in _get_response
    response = wrapped_callback(request, *callback_args, **callback_kwargs)
               ^^^^^^^^^^^^^^^^^^^^^^^^^^^^^^^^^^^^^^^^^^^^^^^^^^^^^^^^^^^^
  File "/Users/birlikzhumadil/Documents/Проекты/booking_project/booking/main/views.py", line 72, in search_books
    return render(request, 'main/product/search.html', context)
           ^^^^^^^^^^^^^^^^^^^^^^^^^^^^^^^^^^^^^^^^^^^^^^^^^^^^
  File "/Users/birlikzhumadil/Documents/Проекты/booking_project/booking/venv/lib/python3.12/site-packages/django/shortcuts.py", line 25, in render
    content = loader.render_to_string(template_name, context, request, using=using)
              ^^^^^^^^^^^^^^^^^^^^^^^^^^^^^^^^^^^^^^^^^^^^^^^^^^^^^^^^^^^^^^^^^^^^^
  File "/Users/birlikzhumadil/Documents/Проекты/booking_project/booking/venv/lib/python3.12/site-packages/django/template/loader.py", line 61, in render_to_string
    template = get_template(template_name, using=using)
               ^^^^^^^^^^^^^^^^^^^^^^^^^^^^^^^^^^^^^^^^
  File "/Users/birlikzhumadil/Documents/Проекты/booking_project/booking/venv/lib/python3.12/site-packages/django/template/loader.py", line 15, in get_template
    return engine.get_template(template_name)
           ^^^^^^^^^^^^^^^^^^^^^^^^^^^^^^^^^^
  File "/Users/birlikzhumadil/Documents/Проекты/booking_project/booking/venv/lib/python3.12/site-packages/django/template/backends/django.py", line 79, in get_template
    return Template(self.engine.get_template(template_name), self)
                    ^^^^^^^^^^^^^^^^^^^^^^^^^^^^^^^^^^^^^^^
  File "/Users/birlikzhumadil/Documents/Проекты/booking_project/booking/venv/lib/python3.12/site-packages/django/template/engine.py", line 186, in get_template
    template, origin = self.find_template(template_name)
                       ^^^^^^^^^^^^^^^^^^^^^^^^^^^^^^^^^
  File "/Users/birlikzhumadil/Documents/Проекты/booking_project/booking/venv/lib/python3.12/site-packages/django/template/engine.py", line 159, in find_template
    template = loader.get_template(name, skip=skip)
               ^^^^^^^^^^^^^^^^^^^^^^^^^^^^^^^^^^^^
  File "/Users/birlikzhumadil/Documents/Проекты/booking_project/booking/venv/lib/python3.12/site-packages/django/template/loaders/cached.py", line 57, in get_template
    template = super().get_template(template_name, skip)
               ^^^^^^^^^^^^^^^^^^^^^^^^^^^^^^^^^^^^^^^^^
  File "/Users/birlikzhumadil/Documents/Проекты/booking_project/booking/venv/lib/python3.12/site-packages/django/template/loaders/base.py", line 28, in get_template
    return Template(
           ^^^^^^^^^
  File "/Users/birlikzhumadil/Documents/Проекты/booking_project/booking/venv/lib/python3.12/site-packages/django/template/base.py", line 157, in __init__
    self.nodelist = self.compile_nodelist()
                    ^^^^^^^^^^^^^^^^^^^^^^^
  File "/Users/birlikzhumadil/Documents/Проекты/booking_project/booking/venv/lib/python3.12/site-packages/django/template/base.py", line 199, in compile_nodelist
    nodelist = parser.parse()
               ^^^^^^^^^^^^^^
  File "/Users/birlikzhumadil/Documents/Проекты/booking_project/booking/venv/lib/python3.12/site-packages/django/template/base.py", line 585, in parse
    raise self.error(token, e)
  File "/Users/birlikzhumadil/Documents/Проекты/booking_project/booking/venv/lib/python3.12/site-packages/django/template/base.py", line 583, in parse
    compiled_result = compile_func(self, token)
                      ^^^^^^^^^^^^^^^^^^^^^^^^^
  File "/Users/birlikzhumadil/Documents/Проекты/booking_project/booking/venv/lib/python3.12/site-packages/django/template/loader_tags.py", line 307, in do_extends
    nodelist = parser.parse()
               ^^^^^^^^^^^^^^
  File "/Users/birlikzhumadil/Documents/Проекты/booking_project/booking/venv/lib/python3.12/site-packages/django/template/base.py", line 585, in parse
    raise self.error(token, e)
  File "/Users/birlikzhumadil/Documents/Проекты/booking_project/booking/venv/lib/python3.12/site-packages/django/template/base.py", line 583, in parse
    compiled_result = compile_func(self, token)
                      ^^^^^^^^^^^^^^^^^^^^^^^^^
  File "/Users/birlikzhumadil/Documents/Проекты/booking_project/booking/venv/lib/python3.12/site-packages/django/template/loader_tags.py", line 235, in do_block
    nodelist = parser.parse(("endblock",))
               ^^^^^^^^^^^^^^^^^^^^^^^^^^^
  File "/Users/birlikzhumadil/Documents/Проекты/booking_project/booking/venv/lib/python3.12/site-packages/django/template/base.py", line 585, in parse
    raise self.error(token, e)
  File "/Users/birlikzhumadil/Documents/Проекты/booking_project/booking/venv/lib/python3.12/site-packages/django/template/base.py", line 583, in parse
    compiled_result = compile_func(self, token)
                      ^^^^^^^^^^^^^^^^^^^^^^^^^
  File "/Users/birlikzhumadil/Documents/Проекты/booking_project/booking/venv/lib/python3.12/site-packages/django/template/defaulttags.py", line 1008, in do_if
    nodelist = parser.parse(("endif",))
               ^^^^^^^^^^^^^^^^^^^^^^^^
  File "/Users/birlikzhumadil/Documents/Проекты/booking_project/booking/venv/lib/python3.12/site-packages/django/template/base.py", line 585, in parse
    raise self.error(token, e)
  File "/Users/birlikzhumadil/Documents/Проекты/booking_project/booking/venv/lib/python3.12/site-packages/django/template/base.py", line 583, in parse
    compiled_result = compile_func(self, token)
                      ^^^^^^^^^^^^^^^^^^^^^^^^^
  File "/Users/birlikzhumadil/Documents/Проекты/booking_project/booking/venv/lib/python3.12/site-packages/django/template/defaulttags.py", line 1001, in do_if
    condition = TemplateIfParser(parser, bits).parse()
                ^^^^^^^^^^^^^^^^^^^^^^^^^^^^^^^^^^^^^^
  File "/Users/birlikzhumadil/Documents/Проекты/booking_project/booking/venv/lib/python3.12/site-packages/django/template/smartif.py", line 196, in parse
    retval = self.expression()
             ^^^^^^^^^^^^^^^^^
  File "/Users/birlikzhumadil/Documents/Проекты/booking_project/booking/venv/lib/python3.12/site-packages/django/template/smartif.py", line 207, in expression
    left = t.nud(self)
           ^^^^^^^^^^^
  File "/Users/birlikzhumadil/Documents/Проекты/booking_project/booking/venv/lib/python3.12/site-packages/django/template/smartif.py", line 150, in nud
    raise parser.error_class("Unexpected end of expression in if tag.")
django.template.exceptions.TemplateSyntaxError: Template: /Users/birlikzhumadil/Documents/Проекты/booking_project/booking/main/templates/main/product/search.html, Unexpected end of expression in if tag.
ERROR 2026-02-01 14:43:56,692 log "GET /search/?q=%D0%B4 HTTP/1.1" 500 207848
ERROR 2026-02-01 14:43:57,032 log Internal Server Error: /search/
Traceback (most recent call last):
  File "/Users/birlikzhumadil/Documents/Проекты/booking_project/booking/venv/lib/python3.12/site-packages/django/core/handlers/exception.py", line 55, in inner
    response = get_response(request)
               ^^^^^^^^^^^^^^^^^^^^^
  File "/Users/birlikzhumadil/Documents/Проекты/booking_project/booking/venv/lib/python3.12/site-packages/django/core/handlers/base.py", line 198, in _get_response
    response = wrapped_callback(request, *callback_args, **callback_kwargs)
               ^^^^^^^^^^^^^^^^^^^^^^^^^^^^^^^^^^^^^^^^^^^^^^^^^^^^^^^^^^^^
  File "/Users/birlikzhumadil/Documents/Проекты/booking_project/booking/main/views.py", line 72, in search_books
    return render(request, 'main/product/search.html', context)
           ^^^^^^^^^^^^^^^^^^^^^^^^^^^^^^^^^^^^^^^^^^^^^^^^^^^^
  File "/Users/birlikzhumadil/Documents/Проекты/booking_project/booking/venv/lib/python3.12/site-packages/django/shortcuts.py", line 25, in render
    content = loader.render_to_string(template_name, context, request, using=using)
              ^^^^^^^^^^^^^^^^^^^^^^^^^^^^^^^^^^^^^^^^^^^^^^^^^^^^^^^^^^^^^^^^^^^^^
  File "/Users/birlikzhumadil/Documents/Проекты/booking_project/booking/venv/lib/python3.12/site-packages/django/template/loader.py", line 61, in render_to_string
    template = get_template(template_name, using=using)
               ^^^^^^^^^^^^^^^^^^^^^^^^^^^^^^^^^^^^^^^^
  File "/Users/birlikzhumadil/Documents/Проекты/booking_project/booking/venv/lib/python3.12/site-packages/django/template/loader.py", line 15, in get_template
    return engine.get_template(template_name)
           ^^^^^^^^^^^^^^^^^^^^^^^^^^^^^^^^^^
  File "/Users/birlikzhumadil/Documents/Проекты/booking_project/booking/venv/lib/python3.12/site-packages/django/template/backends/django.py", line 79, in get_template
    return Template(self.engine.get_template(template_name), self)
                    ^^^^^^^^^^^^^^^^^^^^^^^^^^^^^^^^^^^^^^^
  File "/Users/birlikzhumadil/Documents/Проекты/booking_project/booking/venv/lib/python3.12/site-packages/django/template/engine.py", line 186, in get_template
    template, origin = self.find_template(template_name)
                       ^^^^^^^^^^^^^^^^^^^^^^^^^^^^^^^^^
  File "/Users/birlikzhumadil/Documents/Проекты/booking_project/booking/venv/lib/python3.12/site-packages/django/template/engine.py", line 159, in find_template
    template = loader.get_template(name, skip=skip)
               ^^^^^^^^^^^^^^^^^^^^^^^^^^^^^^^^^^^^
  File "/Users/birlikzhumadil/Documents/Проекты/booking_project/booking/venv/lib/python3.12/site-packages/django/template/loaders/cached.py", line 57, in get_template
    template = super().get_template(template_name, skip)
               ^^^^^^^^^^^^^^^^^^^^^^^^^^^^^^^^^^^^^^^^^
  File "/Users/birlikzhumadil/Documents/Проекты/booking_project/booking/venv/lib/python3.12/site-packages/django/template/loaders/base.py", line 28, in get_template
    return Template(
           ^^^^^^^^^
  File "/Users/birlikzhumadil/Documents/Проекты/booking_project/booking/venv/lib/python3.12/site-packages/django/template/base.py", line 157, in __init__
    self.nodelist = self.compile_nodelist()
                    ^^^^^^^^^^^^^^^^^^^^^^^
  File "/Users/birlikzhumadil/Documents/Проекты/booking_project/booking/venv/lib/python3.12/site-packages/django/template/base.py", line 199, in compile_nodelist
    nodelist = parser.parse()
               ^^^^^^^^^^^^^^
  File "/Users/birlikzhumadil/Documents/Проекты/booking_project/booking/venv/lib/python3.12/site-packages/django/template/base.py", line 585, in parse
    raise self.error(token, e)
  File "/Users/birlikzhumadil/Documents/Проекты/booking_project/booking/venv/lib/python3.12/site-packages/django/template/base.py", line 583, in parse
    compiled_result = compile_func(self, token)
                      ^^^^^^^^^^^^^^^^^^^^^^^^^
  File "/Users/birlikzhumadil/Documents/Проекты/booking_project/booking/venv/lib/python3.12/site-packages/django/template/loader_tags.py", line 307, in do_extends
    nodelist = parser.parse()
               ^^^^^^^^^^^^^^
  File "/Users/birlikzhumadil/Documents/Проекты/booking_project/booking/venv/lib/python3.12/site-packages/django/template/base.py", line 585, in parse
    raise self.error(token, e)
  File "/Users/birlikzhumadil/Documents/Проекты/booking_project/booking/venv/lib/python3.12/site-packages/django/template/base.py", line 583, in parse
    compiled_result = compile_func(self, token)
                      ^^^^^^^^^^^^^^^^^^^^^^^^^
  File "/Users/birlikzhumadil/Documents/Проекты/booking_project/booking/venv/lib/python3.12/site-packages/django/template/loader_tags.py", line 235, in do_block
    nodelist = parser.parse(("endblock",))
               ^^^^^^^^^^^^^^^^^^^^^^^^^^^
  File "/Users/birlikzhumadil/Documents/Проекты/booking_project/booking/venv/lib/python3.12/site-packages/django/template/base.py", line 585, in parse
    raise self.error(token, e)
  File "/Users/birlikzhumadil/Documents/Проекты/booking_project/booking/venv/lib/python3.12/site-packages/django/template/base.py", line 583, in parse
    compiled_result = compile_func(self, token)
                      ^^^^^^^^^^^^^^^^^^^^^^^^^
  File "/Users/birlikzhumadil/Documents/Проекты/booking_project/booking/venv/lib/python3.12/site-packages/django/template/defaulttags.py", line 1008, in do_if
    nodelist = parser.parse(("endif",))
               ^^^^^^^^^^^^^^^^^^^^^^^^
  File "/Users/birlikzhumadil/Documents/Проекты/booking_project/booking/venv/lib/python3.12/site-packages/django/template/base.py", line 585, in parse
    raise self.error(token, e)
  File "/Users/birlikzhumadil/Documents/Проекты/booking_project/booking/venv/lib/python3.12/site-packages/django/template/base.py", line 583, in parse
    compiled_result = compile_func(self, token)
                      ^^^^^^^^^^^^^^^^^^^^^^^^^
  File "/Users/birlikzhumadil/Documents/Проекты/booking_project/booking/venv/lib/python3.12/site-packages/django/template/defaulttags.py", line 1001, in do_if
    condition = TemplateIfParser(parser, bits).parse()
                ^^^^^^^^^^^^^^^^^^^^^^^^^^^^^^^^^^^^^^
  File "/Users/birlikzhumadil/Documents/Проекты/booking_project/booking/venv/lib/python3.12/site-packages/django/template/smartif.py", line 196, in parse
    retval = self.expression()
             ^^^^^^^^^^^^^^^^^
  File "/Users/birlikzhumadil/Documents/Проекты/booking_project/booking/venv/lib/python3.12/site-packages/django/template/smartif.py", line 207, in expression
    left = t.nud(self)
           ^^^^^^^^^^^
  File "/Users/birlikzhumadil/Documents/Проекты/booking_project/booking/venv/lib/python3.12/site-packages/django/template/smartif.py", line 150, in nud
    raise parser.error_class("Unexpected end of expression in if tag.")
django.template.exceptions.TemplateSyntaxError: Template: /Users/birlikzhumadil/Documents/Проекты/booking_project/booking/main/templates/main/product/search.html, Unexpected end of expression in if tag.
ERROR 2026-02-01 14:43:57,035 log "GET /search/?q=%D0%B4 HTTP/1.1" 500 207848
ERROR 2026-02-01 14:43:57,303 log Internal Server Error: /search/
Traceback (most recent call last):
  File "/Users/birlikzhumadil/Documents/Проекты/booking_project/booking/venv/lib/python3.12/site-packages/django/core/handlers/exception.py", line 55, in inner
    response = get_response(request)
               ^^^^^^^^^^^^^^^^^^^^^
  File "/Users/birlikzhumadil/Documents/Проекты/booking_project/booking/venv/lib/python3.12/site-packages/django/core/handlers/base.py", line 198, in _get_response
    response = wrapped_callback(request, *callback_args, **callback_kwargs)
               ^^^^^^^^^^^^^^^^^^^^^^^^^^^^^^^^^^^^^^^^^^^^^^^^^^^^^^^^^^^^
  File "/Users/birlikzhumadil/Documents/Проекты/booking_project/booking/main/views.py", line 72, in search_books
    return render(request, 'main/product/search.html', context)
           ^^^^^^^^^^^^^^^^^^^^^^^^^^^^^^^^^^^^^^^^^^^^^^^^^^^^
  File "/Users/birlikzhumadil/Documents/Проекты/booking_project/booking/venv/lib/python3.12/site-packages/django/shortcuts.py", line 25, in render
    content = loader.render_to_string(template_name, context, request, using=using)
              ^^^^^^^^^^^^^^^^^^^^^^^^^^^^^^^^^^^^^^^^^^^^^^^^^^^^^^^^^^^^^^^^^^^^^
  File "/Users/birlikzhumadil/Documents/Проекты/booking_project/booking/venv/lib/python3.12/site-packages/django/template/loader.py", line 61, in render_to_string
    template = get_template(template_name, using=using)
               ^^^^^^^^^^^^^^^^^^^^^^^^^^^^^^^^^^^^^^^^
  File "/Users/birlikzhumadil/Documents/Проекты/booking_project/booking/venv/lib/python3.12/site-packages/django/template/loader.py", line 15, in get_template
    return engine.get_template(template_name)
           ^^^^^^^^^^^^^^^^^^^^^^^^^^^^^^^^^^
  File "/Users/birlikzhumadil/Documents/Проекты/booking_project/booking/venv/lib/python3.12/site-packages/django/template/backends/django.py", line 79, in get_template
    return Template(self.engine.get_template(template_name), self)
                    ^^^^^^^^^^^^^^^^^^^^^^^^^^^^^^^^^^^^^^^
  File "/Users/birlikzhumadil/Documents/Проекты/booking_project/booking/venv/lib/python3.12/site-packages/django/template/engine.py", line 186, in get_template
    template, origin = self.find_template(template_name)
                       ^^^^^^^^^^^^^^^^^^^^^^^^^^^^^^^^^
  File "/Users/birlikzhumadil/Documents/Проекты/booking_project/booking/venv/lib/python3.12/site-packages/django/template/engine.py", line 159, in find_template
    template = loader.get_template(name, skip=skip)
               ^^^^^^^^^^^^^^^^^^^^^^^^^^^^^^^^^^^^
  File "/Users/birlikzhumadil/Documents/Проекты/booking_project/booking/venv/lib/python3.12/site-packages/django/template/loaders/cached.py", line 57, in get_template
    template = super().get_template(template_name, skip)
               ^^^^^^^^^^^^^^^^^^^^^^^^^^^^^^^^^^^^^^^^^
  File "/Users/birlikzhumadil/Documents/Проекты/booking_project/booking/venv/lib/python3.12/site-packages/django/template/loaders/base.py", line 28, in get_template
    return Template(
           ^^^^^^^^^
  File "/Users/birlikzhumadil/Documents/Проекты/booking_project/booking/venv/lib/python3.12/site-packages/django/template/base.py", line 157, in __init__
    self.nodelist = self.compile_nodelist()
                    ^^^^^^^^^^^^^^^^^^^^^^^
  File "/Users/birlikzhumadil/Documents/Проекты/booking_project/booking/venv/lib/python3.12/site-packages/django/template/base.py", line 199, in compile_nodelist
    nodelist = parser.parse()
               ^^^^^^^^^^^^^^
  File "/Users/birlikzhumadil/Documents/Проекты/booking_project/booking/venv/lib/python3.12/site-packages/django/template/base.py", line 585, in parse
    raise self.error(token, e)
  File "/Users/birlikzhumadil/Documents/Проекты/booking_project/booking/venv/lib/python3.12/site-packages/django/template/base.py", line 583, in parse
    compiled_result = compile_func(self, token)
                      ^^^^^^^^^^^^^^^^^^^^^^^^^
  File "/Users/birlikzhumadil/Documents/Проекты/booking_project/booking/venv/lib/python3.12/site-packages/django/template/loader_tags.py", line 307, in do_extends
    nodelist = parser.parse()
               ^^^^^^^^^^^^^^
  File "/Users/birlikzhumadil/Documents/Проекты/booking_project/booking/venv/lib/python3.12/site-packages/django/template/base.py", line 585, in parse
    raise self.error(token, e)
  File "/Users/birlikzhumadil/Documents/Проекты/booking_project/booking/venv/lib/python3.12/site-packages/django/template/base.py", line 583, in parse
    compiled_result = compile_func(self, token)
                      ^^^^^^^^^^^^^^^^^^^^^^^^^
  File "/Users/birlikzhumadil/Documents/Проекты/booking_project/booking/venv/lib/python3.12/site-packages/django/template/loader_tags.py", line 235, in do_block
    nodelist = parser.parse(("endblock",))
               ^^^^^^^^^^^^^^^^^^^^^^^^^^^
  File "/Users/birlikzhumadil/Documents/Проекты/booking_project/booking/venv/lib/python3.12/site-packages/django/template/base.py", line 585, in parse
    raise self.error(token, e)
  File "/Users/birlikzhumadil/Documents/Проекты/booking_project/booking/venv/lib/python3.12/site-packages/django/template/base.py", line 583, in parse
    compiled_result = compile_func(self, token)
                      ^^^^^^^^^^^^^^^^^^^^^^^^^
  File "/Users/birlikzhumadil/Documents/Проекты/booking_project/booking/venv/lib/python3.12/site-packages/django/template/defaulttags.py", line 1008, in do_if
    nodelist = parser.parse(("endif",))
               ^^^^^^^^^^^^^^^^^^^^^^^^
  File "/Users/birlikzhumadil/Documents/Проекты/booking_project/booking/venv/lib/python3.12/site-packages/django/template/base.py", line 585, in parse
    raise self.error(token, e)
  File "/Users/birlikzhumadil/Documents/Проекты/booking_project/booking/venv/lib/python3.12/site-packages/django/template/base.py", line 583, in parse
    compiled_result = compile_func(self, token)
                      ^^^^^^^^^^^^^^^^^^^^^^^^^
  File "/Users/birlikzhumadil/Documents/Проекты/booking_project/booking/venv/lib/python3.12/site-packages/django/template/defaulttags.py", line 1001, in do_if
    condition = TemplateIfParser(parser, bits).parse()
                ^^^^^^^^^^^^^^^^^^^^^^^^^^^^^^^^^^^^^^
  File "/Users/birlikzhumadil/Documents/Проекты/booking_project/booking/venv/lib/python3.12/site-packages/django/template/smartif.py", line 196, in parse
    retval = self.expression()
             ^^^^^^^^^^^^^^^^^
  File "/Users/birlikzhumadil/Documents/Проекты/booking_project/booking/venv/lib/python3.12/site-packages/django/template/smartif.py", line 207, in expression
    left = t.nud(self)
           ^^^^^^^^^^^
  File "/Users/birlikzhumadil/Documents/Проекты/booking_project/booking/venv/lib/python3.12/site-packages/django/template/smartif.py", line 150, in nud
    raise parser.error_class("Unexpected end of expression in if tag.")
django.template.exceptions.TemplateSyntaxError: Template: /Users/birlikzhumadil/Documents/Проекты/booking_project/booking/main/templates/main/product/search.html, Unexpected end of expression in if tag.
ERROR 2026-02-01 14:43:57,305 log "GET /search/?q=%D0%B4 HTTP/1.1" 500 207848
ERROR 2026-02-01 14:43:57,530 log Internal Server Error: /search/
Traceback (most recent call last):
  File "/Users/birlikzhumadil/Documents/Проекты/booking_project/booking/venv/lib/python3.12/site-packages/django/core/handlers/exception.py", line 55, in inner
    response = get_response(request)
               ^^^^^^^^^^^^^^^^^^^^^
  File "/Users/birlikzhumadil/Documents/Проекты/booking_project/booking/venv/lib/python3.12/site-packages/django/core/handlers/base.py", line 198, in _get_response
    response = wrapped_callback(request, *callback_args, **callback_kwargs)
               ^^^^^^^^^^^^^^^^^^^^^^^^^^^^^^^^^^^^^^^^^^^^^^^^^^^^^^^^^^^^
  File "/Users/birlikzhumadil/Documents/Проекты/booking_project/booking/main/views.py", line 72, in search_books
    return render(request, 'main/product/search.html', context)
           ^^^^^^^^^^^^^^^^^^^^^^^^^^^^^^^^^^^^^^^^^^^^^^^^^^^^
  File "/Users/birlikzhumadil/Documents/Проекты/booking_project/booking/venv/lib/python3.12/site-packages/django/shortcuts.py", line 25, in render
    content = loader.render_to_string(template_name, context, request, using=using)
              ^^^^^^^^^^^^^^^^^^^^^^^^^^^^^^^^^^^^^^^^^^^^^^^^^^^^^^^^^^^^^^^^^^^^^
  File "/Users/birlikzhumadil/Documents/Проекты/booking_project/booking/venv/lib/python3.12/site-packages/django/template/loader.py", line 61, in render_to_string
    template = get_template(template_name, using=using)
               ^^^^^^^^^^^^^^^^^^^^^^^^^^^^^^^^^^^^^^^^
  File "/Users/birlikzhumadil/Documents/Проекты/booking_project/booking/venv/lib/python3.12/site-packages/django/template/loader.py", line 15, in get_template
    return engine.get_template(template_name)
           ^^^^^^^^^^^^^^^^^^^^^^^^^^^^^^^^^^
  File "/Users/birlikzhumadil/Documents/Проекты/booking_project/booking/venv/lib/python3.12/site-packages/django/template/backends/django.py", line 79, in get_template
    return Template(self.engine.get_template(template_name), self)
                    ^^^^^^^^^^^^^^^^^^^^^^^^^^^^^^^^^^^^^^^
  File "/Users/birlikzhumadil/Documents/Проекты/booking_project/booking/venv/lib/python3.12/site-packages/django/template/engine.py", line 186, in get_template
    template, origin = self.find_template(template_name)
                       ^^^^^^^^^^^^^^^^^^^^^^^^^^^^^^^^^
  File "/Users/birlikzhumadil/Documents/Проекты/booking_project/booking/venv/lib/python3.12/site-packages/django/template/engine.py", line 159, in find_template
    template = loader.get_template(name, skip=skip)
               ^^^^^^^^^^^^^^^^^^^^^^^^^^^^^^^^^^^^
  File "/Users/birlikzhumadil/Documents/Проекты/booking_project/booking/venv/lib/python3.12/site-packages/django/template/loaders/cached.py", line 57, in get_template
    template = super().get_template(template_name, skip)
               ^^^^^^^^^^^^^^^^^^^^^^^^^^^^^^^^^^^^^^^^^
  File "/Users/birlikzhumadil/Documents/Проекты/booking_project/booking/venv/lib/python3.12/site-packages/django/template/loaders/base.py", line 28, in get_template
    return Template(
           ^^^^^^^^^
  File "/Users/birlikzhumadil/Documents/Проекты/booking_project/booking/venv/lib/python3.12/site-packages/django/template/base.py", line 157, in __init__
    self.nodelist = self.compile_nodelist()
                    ^^^^^^^^^^^^^^^^^^^^^^^
  File "/Users/birlikzhumadil/Documents/Проекты/booking_project/booking/venv/lib/python3.12/site-packages/django/template/base.py", line 199, in compile_nodelist
    nodelist = parser.parse()
               ^^^^^^^^^^^^^^
  File "/Users/birlikzhumadil/Documents/Проекты/booking_project/booking/venv/lib/python3.12/site-packages/django/template/base.py", line 585, in parse
    raise self.error(token, e)
  File "/Users/birlikzhumadil/Documents/Проекты/booking_project/booking/venv/lib/python3.12/site-packages/django/template/base.py", line 583, in parse
    compiled_result = compile_func(self, token)
                      ^^^^^^^^^^^^^^^^^^^^^^^^^
  File "/Users/birlikzhumadil/Documents/Проекты/booking_project/booking/venv/lib/python3.12/site-packages/django/template/loader_tags.py", line 307, in do_extends
    nodelist = parser.parse()
               ^^^^^^^^^^^^^^
  File "/Users/birlikzhumadil/Documents/Проекты/booking_project/booking/venv/lib/python3.12/site-packages/django/template/base.py", line 585, in parse
    raise self.error(token, e)
  File "/Users/birlikzhumadil/Documents/Проекты/booking_project/booking/venv/lib/python3.12/site-packages/django/template/base.py", line 583, in parse
    compiled_result = compile_func(self, token)
                      ^^^^^^^^^^^^^^^^^^^^^^^^^
  File "/Users/birlikzhumadil/Documents/Проекты/booking_project/booking/venv/lib/python3.12/site-packages/django/template/loader_tags.py", line 235, in do_block
    nodelist = parser.parse(("endblock",))
               ^^^^^^^^^^^^^^^^^^^^^^^^^^^
  File "/Users/birlikzhumadil/Documents/Проекты/booking_project/booking/venv/lib/python3.12/site-packages/django/template/base.py", line 585, in parse
    raise self.error(token, e)
  File "/Users/birlikzhumadil/Documents/Проекты/booking_project/booking/venv/lib/python3.12/site-packages/django/template/base.py", line 583, in parse
    compiled_result = compile_func(self, token)
                      ^^^^^^^^^^^^^^^^^^^^^^^^^
  File "/Users/birlikzhumadil/Documents/Проекты/booking_project/booking/venv/lib/python3.12/site-packages/django/template/defaulttags.py", line 1008, in do_if
    nodelist = parser.parse(("endif",))
               ^^^^^^^^^^^^^^^^^^^^^^^^
  File "/Users/birlikzhumadil/Documents/Проекты/booking_project/booking/venv/lib/python3.12/site-packages/django/template/base.py", line 585, in parse
    raise self.error(token, e)
  File "/Users/birlikzhumadil/Documents/Проекты/booking_project/booking/venv/lib/python3.12/site-packages/django/template/base.py", line 583, in parse
    compiled_result = compile_func(self, token)
                      ^^^^^^^^^^^^^^^^^^^^^^^^^
  File "/Users/birlikzhumadil/Documents/Проекты/booking_project/booking/venv/lib/python3.12/site-packages/django/template/defaulttags.py", line 1001, in do_if
    condition = TemplateIfParser(parser, bits).parse()
                ^^^^^^^^^^^^^^^^^^^^^^^^^^^^^^^^^^^^^^
  File "/Users/birlikzhumadil/Documents/Проекты/booking_project/booking/venv/lib/python3.12/site-packages/django/template/smartif.py", line 196, in parse
    retval = self.expression()
             ^^^^^^^^^^^^^^^^^
  File "/Users/birlikzhumadil/Documents/Проекты/booking_project/booking/venv/lib/python3.12/site-packages/django/template/smartif.py", line 207, in expression
    left = t.nud(self)
           ^^^^^^^^^^^
  File "/Users/birlikzhumadil/Documents/Проекты/booking_project/booking/venv/lib/python3.12/site-packages/django/template/smartif.py", line 150, in nud
    raise parser.error_class("Unexpected end of expression in if tag.")
django.template.exceptions.TemplateSyntaxError: Template: /Users/birlikzhumadil/Documents/Проекты/booking_project/booking/main/templates/main/product/search.html, Unexpected end of expression in if tag.
ERROR 2026-02-01 14:43:57,532 log "GET /search/?q=%D0%B4 HTTP/1.1" 500 207848
ERROR 2026-02-01 14:43:58,689 log Internal Server Error: /search/
Traceback (most recent call last):
  File "/Users/birlikzhumadil/Documents/Проекты/booking_project/booking/venv/lib/python3.12/site-packages/django/core/handlers/exception.py", line 55, in inner
    response = get_response(request)
               ^^^^^^^^^^^^^^^^^^^^^
  File "/Users/birlikzhumadil/Documents/Проекты/booking_project/booking/venv/lib/python3.12/site-packages/django/core/handlers/base.py", line 198, in _get_response
    response = wrapped_callback(request, *callback_args, **callback_kwargs)
               ^^^^^^^^^^^^^^^^^^^^^^^^^^^^^^^^^^^^^^^^^^^^^^^^^^^^^^^^^^^^
  File "/Users/birlikzhumadil/Documents/Проекты/booking_project/booking/main/views.py", line 72, in search_books
    return render(request, 'main/product/search.html', context)
           ^^^^^^^^^^^^^^^^^^^^^^^^^^^^^^^^^^^^^^^^^^^^^^^^^^^^
  File "/Users/birlikzhumadil/Documents/Проекты/booking_project/booking/venv/lib/python3.12/site-packages/django/shortcuts.py", line 25, in render
    content = loader.render_to_string(template_name, context, request, using=using)
              ^^^^^^^^^^^^^^^^^^^^^^^^^^^^^^^^^^^^^^^^^^^^^^^^^^^^^^^^^^^^^^^^^^^^^
  File "/Users/birlikzhumadil/Documents/Проекты/booking_project/booking/venv/lib/python3.12/site-packages/django/template/loader.py", line 61, in render_to_string
    template = get_template(template_name, using=using)
               ^^^^^^^^^^^^^^^^^^^^^^^^^^^^^^^^^^^^^^^^
  File "/Users/birlikzhumadil/Documents/Проекты/booking_project/booking/venv/lib/python3.12/site-packages/django/template/loader.py", line 15, in get_template
    return engine.get_template(template_name)
           ^^^^^^^^^^^^^^^^^^^^^^^^^^^^^^^^^^
  File "/Users/birlikzhumadil/Documents/Проекты/booking_project/booking/venv/lib/python3.12/site-packages/django/template/backends/django.py", line 79, in get_template
    return Template(self.engine.get_template(template_name), self)
                    ^^^^^^^^^^^^^^^^^^^^^^^^^^^^^^^^^^^^^^^
  File "/Users/birlikzhumadil/Documents/Проекты/booking_project/booking/venv/lib/python3.12/site-packages/django/template/engine.py", line 186, in get_template
    template, origin = self.find_template(template_name)
                       ^^^^^^^^^^^^^^^^^^^^^^^^^^^^^^^^^
  File "/Users/birlikzhumadil/Documents/Проекты/booking_project/booking/venv/lib/python3.12/site-packages/django/template/engine.py", line 159, in find_template
    template = loader.get_template(name, skip=skip)
               ^^^^^^^^^^^^^^^^^^^^^^^^^^^^^^^^^^^^
  File "/Users/birlikzhumadil/Documents/Проекты/booking_project/booking/venv/lib/python3.12/site-packages/django/template/loaders/cached.py", line 57, in get_template
    template = super().get_template(template_name, skip)
               ^^^^^^^^^^^^^^^^^^^^^^^^^^^^^^^^^^^^^^^^^
  File "/Users/birlikzhumadil/Documents/Проекты/booking_project/booking/venv/lib/python3.12/site-packages/django/template/loaders/base.py", line 28, in get_template
    return Template(
           ^^^^^^^^^
  File "/Users/birlikzhumadil/Documents/Проекты/booking_project/booking/venv/lib/python3.12/site-packages/django/template/base.py", line 157, in __init__
    self.nodelist = self.compile_nodelist()
                    ^^^^^^^^^^^^^^^^^^^^^^^
  File "/Users/birlikzhumadil/Documents/Проекты/booking_project/booking/venv/lib/python3.12/site-packages/django/template/base.py", line 199, in compile_nodelist
    nodelist = parser.parse()
               ^^^^^^^^^^^^^^
  File "/Users/birlikzhumadil/Documents/Проекты/booking_project/booking/venv/lib/python3.12/site-packages/django/template/base.py", line 585, in parse
    raise self.error(token, e)
  File "/Users/birlikzhumadil/Documents/Проекты/booking_project/booking/venv/lib/python3.12/site-packages/django/template/base.py", line 583, in parse
    compiled_result = compile_func(self, token)
                      ^^^^^^^^^^^^^^^^^^^^^^^^^
  File "/Users/birlikzhumadil/Documents/Проекты/booking_project/booking/venv/lib/python3.12/site-packages/django/template/loader_tags.py", line 307, in do_extends
    nodelist = parser.parse()
               ^^^^^^^^^^^^^^
  File "/Users/birlikzhumadil/Documents/Проекты/booking_project/booking/venv/lib/python3.12/site-packages/django/template/base.py", line 585, in parse
    raise self.error(token, e)
  File "/Users/birlikzhumadil/Documents/Проекты/booking_project/booking/venv/lib/python3.12/site-packages/django/template/base.py", line 583, in parse
    compiled_result = compile_func(self, token)
                      ^^^^^^^^^^^^^^^^^^^^^^^^^
  File "/Users/birlikzhumadil/Documents/Проекты/booking_project/booking/venv/lib/python3.12/site-packages/django/template/loader_tags.py", line 235, in do_block
    nodelist = parser.parse(("endblock",))
               ^^^^^^^^^^^^^^^^^^^^^^^^^^^
  File "/Users/birlikzhumadil/Documents/Проекты/booking_project/booking/venv/lib/python3.12/site-packages/django/template/base.py", line 585, in parse
    raise self.error(token, e)
  File "/Users/birlikzhumadil/Documents/Проекты/booking_project/booking/venv/lib/python3.12/site-packages/django/template/base.py", line 583, in parse
    compiled_result = compile_func(self, token)
                      ^^^^^^^^^^^^^^^^^^^^^^^^^
  File "/Users/birlikzhumadil/Documents/Проекты/booking_project/booking/venv/lib/python3.12/site-packages/django/template/defaulttags.py", line 1008, in do_if
    nodelist = parser.parse(("endif",))
               ^^^^^^^^^^^^^^^^^^^^^^^^
  File "/Users/birlikzhumadil/Documents/Проекты/booking_project/booking/venv/lib/python3.12/site-packages/django/template/base.py", line 585, in parse
    raise self.error(token, e)
  File "/Users/birlikzhumadil/Documents/Проекты/booking_project/booking/venv/lib/python3.12/site-packages/django/template/base.py", line 583, in parse
    compiled_result = compile_func(self, token)
                      ^^^^^^^^^^^^^^^^^^^^^^^^^
  File "/Users/birlikzhumadil/Documents/Проекты/booking_project/booking/venv/lib/python3.12/site-packages/django/template/defaulttags.py", line 1001, in do_if
    condition = TemplateIfParser(parser, bits).parse()
                ^^^^^^^^^^^^^^^^^^^^^^^^^^^^^^^^^^^^^^
  File "/Users/birlikzhumadil/Documents/Проекты/booking_project/booking/venv/lib/python3.12/site-packages/django/template/smartif.py", line 196, in parse
    retval = self.expression()
             ^^^^^^^^^^^^^^^^^
  File "/Users/birlikzhumadil/Documents/Проекты/booking_project/booking/venv/lib/python3.12/site-packages/django/template/smartif.py", line 207, in expression
    left = t.nud(self)
           ^^^^^^^^^^^
  File "/Users/birlikzhumadil/Documents/Проекты/booking_project/booking/venv/lib/python3.12/site-packages/django/template/smartif.py", line 150, in nud
    raise parser.error_class("Unexpected end of expression in if tag.")
django.template.exceptions.TemplateSyntaxError: Template: /Users/birlikzhumadil/Documents/Проекты/booking_project/booking/main/templates/main/product/search.html, Unexpected end of expression in if tag.
ERROR 2026-02-01 14:43:58,692 log "GET /search/?q=%D0%B4 HTTP/1.1" 500 207848
ERROR 2026-02-01 14:43:59,302 log Internal Server Error: /search/
Traceback (most recent call last):
  File "/Users/birlikzhumadil/Documents/Проекты/booking_project/booking/venv/lib/python3.12/site-packages/django/core/handlers/exception.py", line 55, in inner
    response = get_response(request)
               ^^^^^^^^^^^^^^^^^^^^^
  File "/Users/birlikzhumadil/Documents/Проекты/booking_project/booking/venv/lib/python3.12/site-packages/django/core/handlers/base.py", line 198, in _get_response
    response = wrapped_callback(request, *callback_args, **callback_kwargs)
               ^^^^^^^^^^^^^^^^^^^^^^^^^^^^^^^^^^^^^^^^^^^^^^^^^^^^^^^^^^^^
  File "/Users/birlikzhumadil/Documents/Проекты/booking_project/booking/main/views.py", line 72, in search_books
    return render(request, 'main/product/search.html', context)
           ^^^^^^^^^^^^^^^^^^^^^^^^^^^^^^^^^^^^^^^^^^^^^^^^^^^^
  File "/Users/birlikzhumadil/Documents/Проекты/booking_project/booking/venv/lib/python3.12/site-packages/django/shortcuts.py", line 25, in render
    content = loader.render_to_string(template_name, context, request, using=using)
              ^^^^^^^^^^^^^^^^^^^^^^^^^^^^^^^^^^^^^^^^^^^^^^^^^^^^^^^^^^^^^^^^^^^^^
  File "/Users/birlikzhumadil/Documents/Проекты/booking_project/booking/venv/lib/python3.12/site-packages/django/template/loader.py", line 61, in render_to_string
    template = get_template(template_name, using=using)
               ^^^^^^^^^^^^^^^^^^^^^^^^^^^^^^^^^^^^^^^^
  File "/Users/birlikzhumadil/Documents/Проекты/booking_project/booking/venv/lib/python3.12/site-packages/django/template/loader.py", line 15, in get_template
    return engine.get_template(template_name)
           ^^^^^^^^^^^^^^^^^^^^^^^^^^^^^^^^^^
  File "/Users/birlikzhumadil/Documents/Проекты/booking_project/booking/venv/lib/python3.12/site-packages/django/template/backends/django.py", line 79, in get_template
    return Template(self.engine.get_template(template_name), self)
                    ^^^^^^^^^^^^^^^^^^^^^^^^^^^^^^^^^^^^^^^
  File "/Users/birlikzhumadil/Documents/Проекты/booking_project/booking/venv/lib/python3.12/site-packages/django/template/engine.py", line 186, in get_template
    template, origin = self.find_template(template_name)
                       ^^^^^^^^^^^^^^^^^^^^^^^^^^^^^^^^^
  File "/Users/birlikzhumadil/Documents/Проекты/booking_project/booking/venv/lib/python3.12/site-packages/django/template/engine.py", line 159, in find_template
    template = loader.get_template(name, skip=skip)
               ^^^^^^^^^^^^^^^^^^^^^^^^^^^^^^^^^^^^
  File "/Users/birlikzhumadil/Documents/Проекты/booking_project/booking/venv/lib/python3.12/site-packages/django/template/loaders/cached.py", line 57, in get_template
    template = super().get_template(template_name, skip)
               ^^^^^^^^^^^^^^^^^^^^^^^^^^^^^^^^^^^^^^^^^
  File "/Users/birlikzhumadil/Documents/Проекты/booking_project/booking/venv/lib/python3.12/site-packages/django/template/loaders/base.py", line 28, in get_template
    return Template(
           ^^^^^^^^^
  File "/Users/birlikzhumadil/Documents/Проекты/booking_project/booking/venv/lib/python3.12/site-packages/django/template/base.py", line 157, in __init__
    self.nodelist = self.compile_nodelist()
                    ^^^^^^^^^^^^^^^^^^^^^^^
  File "/Users/birlikzhumadil/Documents/Проекты/booking_project/booking/venv/lib/python3.12/site-packages/django/template/base.py", line 199, in compile_nodelist
    nodelist = parser.parse()
               ^^^^^^^^^^^^^^
  File "/Users/birlikzhumadil/Documents/Проекты/booking_project/booking/venv/lib/python3.12/site-packages/django/template/base.py", line 585, in parse
    raise self.error(token, e)
  File "/Users/birlikzhumadil/Documents/Проекты/booking_project/booking/venv/lib/python3.12/site-packages/django/template/base.py", line 583, in parse
    compiled_result = compile_func(self, token)
                      ^^^^^^^^^^^^^^^^^^^^^^^^^
  File "/Users/birlikzhumadil/Documents/Проекты/booking_project/booking/venv/lib/python3.12/site-packages/django/template/loader_tags.py", line 307, in do_extends
    nodelist = parser.parse()
               ^^^^^^^^^^^^^^
  File "/Users/birlikzhumadil/Documents/Проекты/booking_project/booking/venv/lib/python3.12/site-packages/django/template/base.py", line 585, in parse
    raise self.error(token, e)
  File "/Users/birlikzhumadil/Documents/Проекты/booking_project/booking/venv/lib/python3.12/site-packages/django/template/base.py", line 583, in parse
    compiled_result = compile_func(self, token)
                      ^^^^^^^^^^^^^^^^^^^^^^^^^
  File "/Users/birlikzhumadil/Documents/Проекты/booking_project/booking/venv/lib/python3.12/site-packages/django/template/loader_tags.py", line 235, in do_block
    nodelist = parser.parse(("endblock",))
               ^^^^^^^^^^^^^^^^^^^^^^^^^^^
  File "/Users/birlikzhumadil/Documents/Проекты/booking_project/booking/venv/lib/python3.12/site-packages/django/template/base.py", line 585, in parse
    raise self.error(token, e)
  File "/Users/birlikzhumadil/Documents/Проекты/booking_project/booking/venv/lib/python3.12/site-packages/django/template/base.py", line 583, in parse
    compiled_result = compile_func(self, token)
                      ^^^^^^^^^^^^^^^^^^^^^^^^^
  File "/Users/birlikzhumadil/Documents/Проекты/booking_project/booking/venv/lib/python3.12/site-packages/django/template/defaulttags.py", line 1008, in do_if
    nodelist = parser.parse(("endif",))
               ^^^^^^^^^^^^^^^^^^^^^^^^
  File "/Users/birlikzhumadil/Documents/Проекты/booking_project/booking/venv/lib/python3.12/site-packages/django/template/base.py", line 585, in parse
    raise self.error(token, e)
  File "/Users/birlikzhumadil/Documents/Проекты/booking_project/booking/venv/lib/python3.12/site-packages/django/template/base.py", line 583, in parse
    compiled_result = compile_func(self, token)
                      ^^^^^^^^^^^^^^^^^^^^^^^^^
  File "/Users/birlikzhumadil/Documents/Проекты/booking_project/booking/venv/lib/python3.12/site-packages/django/template/defaulttags.py", line 1001, in do_if
    condition = TemplateIfParser(parser, bits).parse()
                ^^^^^^^^^^^^^^^^^^^^^^^^^^^^^^^^^^^^^^
  File "/Users/birlikzhumadil/Documents/Проекты/booking_project/booking/venv/lib/python3.12/site-packages/django/template/smartif.py", line 196, in parse
    retval = self.expression()
             ^^^^^^^^^^^^^^^^^
  File "/Users/birlikzhumadil/Documents/Проекты/booking_project/booking/venv/lib/python3.12/site-packages/django/template/smartif.py", line 207, in expression
    left = t.nud(self)
           ^^^^^^^^^^^
  File "/Users/birlikzhumadil/Documents/Проекты/booking_project/booking/venv/lib/python3.12/site-packages/django/template/smartif.py", line 150, in nud
    raise parser.error_class("Unexpected end of expression in if tag.")
django.template.exceptions.TemplateSyntaxError: Template: /Users/birlikzhumadil/Documents/Проекты/booking_project/booking/main/templates/main/product/search.html, Unexpected end of expression in if tag.
ERROR 2026-02-01 14:43:59,304 log "GET /search/?q=%D0%B4 HTTP/1.1" 500 207848
ERROR 2026-02-01 14:43:59,813 log Internal Server Error: /search/
Traceback (most recent call last):
  File "/Users/birlikzhumadil/Documents/Проекты/booking_project/booking/venv/lib/python3.12/site-packages/django/core/handlers/exception.py", line 55, in inner
    response = get_response(request)
               ^^^^^^^^^^^^^^^^^^^^^
  File "/Users/birlikzhumadil/Documents/Проекты/booking_project/booking/venv/lib/python3.12/site-packages/django/core/handlers/base.py", line 198, in _get_response
    response = wrapped_callback(request, *callback_args, **callback_kwargs)
               ^^^^^^^^^^^^^^^^^^^^^^^^^^^^^^^^^^^^^^^^^^^^^^^^^^^^^^^^^^^^
  File "/Users/birlikzhumadil/Documents/Проекты/booking_project/booking/main/views.py", line 72, in search_books
    return render(request, 'main/product/search.html', context)
           ^^^^^^^^^^^^^^^^^^^^^^^^^^^^^^^^^^^^^^^^^^^^^^^^^^^^
  File "/Users/birlikzhumadil/Documents/Проекты/booking_project/booking/venv/lib/python3.12/site-packages/django/shortcuts.py", line 25, in render
    content = loader.render_to_string(template_name, context, request, using=using)
              ^^^^^^^^^^^^^^^^^^^^^^^^^^^^^^^^^^^^^^^^^^^^^^^^^^^^^^^^^^^^^^^^^^^^^
  File "/Users/birlikzhumadil/Documents/Проекты/booking_project/booking/venv/lib/python3.12/site-packages/django/template/loader.py", line 61, in render_to_string
    template = get_template(template_name, using=using)
               ^^^^^^^^^^^^^^^^^^^^^^^^^^^^^^^^^^^^^^^^
  File "/Users/birlikzhumadil/Documents/Проекты/booking_project/booking/venv/lib/python3.12/site-packages/django/template/loader.py", line 15, in get_template
    return engine.get_template(template_name)
           ^^^^^^^^^^^^^^^^^^^^^^^^^^^^^^^^^^
  File "/Users/birlikzhumadil/Documents/Проекты/booking_project/booking/venv/lib/python3.12/site-packages/django/template/backends/django.py", line 79, in get_template
    return Template(self.engine.get_template(template_name), self)
                    ^^^^^^^^^^^^^^^^^^^^^^^^^^^^^^^^^^^^^^^
  File "/Users/birlikzhumadil/Documents/Проекты/booking_project/booking/venv/lib/python3.12/site-packages/django/template/engine.py", line 186, in get_template
    template, origin = self.find_template(template_name)
                       ^^^^^^^^^^^^^^^^^^^^^^^^^^^^^^^^^
  File "/Users/birlikzhumadil/Documents/Проекты/booking_project/booking/venv/lib/python3.12/site-packages/django/template/engine.py", line 159, in find_template
    template = loader.get_template(name, skip=skip)
               ^^^^^^^^^^^^^^^^^^^^^^^^^^^^^^^^^^^^
  File "/Users/birlikzhumadil/Documents/Проекты/booking_project/booking/venv/lib/python3.12/site-packages/django/template/loaders/cached.py", line 57, in get_template
    template = super().get_template(template_name, skip)
               ^^^^^^^^^^^^^^^^^^^^^^^^^^^^^^^^^^^^^^^^^
  File "/Users/birlikzhumadil/Documents/Проекты/booking_project/booking/venv/lib/python3.12/site-packages/django/template/loaders/base.py", line 28, in get_template
    return Template(
           ^^^^^^^^^
  File "/Users/birlikzhumadil/Documents/Проекты/booking_project/booking/venv/lib/python3.12/site-packages/django/template/base.py", line 157, in __init__
    self.nodelist = self.compile_nodelist()
                    ^^^^^^^^^^^^^^^^^^^^^^^
  File "/Users/birlikzhumadil/Documents/Проекты/booking_project/booking/venv/lib/python3.12/site-packages/django/template/base.py", line 199, in compile_nodelist
    nodelist = parser.parse()
               ^^^^^^^^^^^^^^
  File "/Users/birlikzhumadil/Documents/Проекты/booking_project/booking/venv/lib/python3.12/site-packages/django/template/base.py", line 585, in parse
    raise self.error(token, e)
  File "/Users/birlikzhumadil/Documents/Проекты/booking_project/booking/venv/lib/python3.12/site-packages/django/template/base.py", line 583, in parse
    compiled_result = compile_func(self, token)
                      ^^^^^^^^^^^^^^^^^^^^^^^^^
  File "/Users/birlikzhumadil/Documents/Проекты/booking_project/booking/venv/lib/python3.12/site-packages/django/template/loader_tags.py", line 307, in do_extends
    nodelist = parser.parse()
               ^^^^^^^^^^^^^^
  File "/Users/birlikzhumadil/Documents/Проекты/booking_project/booking/venv/lib/python3.12/site-packages/django/template/base.py", line 585, in parse
    raise self.error(token, e)
  File "/Users/birlikzhumadil/Documents/Проекты/booking_project/booking/venv/lib/python3.12/site-packages/django/template/base.py", line 583, in parse
    compiled_result = compile_func(self, token)
                      ^^^^^^^^^^^^^^^^^^^^^^^^^
  File "/Users/birlikzhumadil/Documents/Проекты/booking_project/booking/venv/lib/python3.12/site-packages/django/template/loader_tags.py", line 235, in do_block
    nodelist = parser.parse(("endblock",))
               ^^^^^^^^^^^^^^^^^^^^^^^^^^^
  File "/Users/birlikzhumadil/Documents/Проекты/booking_project/booking/venv/lib/python3.12/site-packages/django/template/base.py", line 585, in parse
    raise self.error(token, e)
  File "/Users/birlikzhumadil/Documents/Проекты/booking_project/booking/venv/lib/python3.12/site-packages/django/template/base.py", line 583, in parse
    compiled_result = compile_func(self, token)
                      ^^^^^^^^^^^^^^^^^^^^^^^^^
  File "/Users/birlikzhumadil/Documents/Проекты/booking_project/booking/venv/lib/python3.12/site-packages/django/template/defaulttags.py", line 1008, in do_if
    nodelist = parser.parse(("endif",))
               ^^^^^^^^^^^^^^^^^^^^^^^^
  File "/Users/birlikzhumadil/Documents/Проекты/booking_project/booking/venv/lib/python3.12/site-packages/django/template/base.py", line 585, in parse
    raise self.error(token, e)
  File "/Users/birlikzhumadil/Documents/Проекты/booking_project/booking/venv/lib/python3.12/site-packages/django/template/base.py", line 583, in parse
    compiled_result = compile_func(self, token)
                      ^^^^^^^^^^^^^^^^^^^^^^^^^
  File "/Users/birlikzhumadil/Documents/Проекты/booking_project/booking/venv/lib/python3.12/site-packages/django/template/defaulttags.py", line 1001, in do_if
    condition = TemplateIfParser(parser, bits).parse()
                ^^^^^^^^^^^^^^^^^^^^^^^^^^^^^^^^^^^^^^
  File "/Users/birlikzhumadil/Documents/Проекты/booking_project/booking/venv/lib/python3.12/site-packages/django/template/smartif.py", line 196, in parse
    retval = self.expression()
             ^^^^^^^^^^^^^^^^^
  File "/Users/birlikzhumadil/Documents/Проекты/booking_project/booking/venv/lib/python3.12/site-packages/django/template/smartif.py", line 207, in expression
    left = t.nud(self)
           ^^^^^^^^^^^
  File "/Users/birlikzhumadil/Documents/Проекты/booking_project/booking/venv/lib/python3.12/site-packages/django/template/smartif.py", line 150, in nud
    raise parser.error_class("Unexpected end of expression in if tag.")
django.template.exceptions.TemplateSyntaxError: Template: /Users/birlikzhumadil/Documents/Проекты/booking_project/booking/main/templates/main/product/search.html, Unexpected end of expression in if tag.
ERROR 2026-02-01 14:43:59,815 log "GET /search/?q=%D0%B4 HTTP/1.1" 500 207848
ERROR 2026-02-01 14:44:02,278 log Internal Server Error: /search/
Traceback (most recent call last):
  File "/Users/birlikzhumadil/Documents/Проекты/booking_project/booking/venv/lib/python3.12/site-packages/django/core/handlers/exception.py", line 55, in inner
    response = get_response(request)
               ^^^^^^^^^^^^^^^^^^^^^
  File "/Users/birlikzhumadil/Documents/Проекты/booking_project/booking/venv/lib/python3.12/site-packages/django/core/handlers/base.py", line 198, in _get_response
    response = wrapped_callback(request, *callback_args, **callback_kwargs)
               ^^^^^^^^^^^^^^^^^^^^^^^^^^^^^^^^^^^^^^^^^^^^^^^^^^^^^^^^^^^^
  File "/Users/birlikzhumadil/Documents/Проекты/booking_project/booking/main/views.py", line 72, in search_books
    return render(request, 'main/product/search.html', context)
           ^^^^^^^^^^^^^^^^^^^^^^^^^^^^^^^^^^^^^^^^^^^^^^^^^^^^
  File "/Users/birlikzhumadil/Documents/Проекты/booking_project/booking/venv/lib/python3.12/site-packages/django/shortcuts.py", line 25, in render
    content = loader.render_to_string(template_name, context, request, using=using)
              ^^^^^^^^^^^^^^^^^^^^^^^^^^^^^^^^^^^^^^^^^^^^^^^^^^^^^^^^^^^^^^^^^^^^^
  File "/Users/birlikzhumadil/Documents/Проекты/booking_project/booking/venv/lib/python3.12/site-packages/django/template/loader.py", line 61, in render_to_string
    template = get_template(template_name, using=using)
               ^^^^^^^^^^^^^^^^^^^^^^^^^^^^^^^^^^^^^^^^
  File "/Users/birlikzhumadil/Documents/Проекты/booking_project/booking/venv/lib/python3.12/site-packages/django/template/loader.py", line 15, in get_template
    return engine.get_template(template_name)
           ^^^^^^^^^^^^^^^^^^^^^^^^^^^^^^^^^^
  File "/Users/birlikzhumadil/Documents/Проекты/booking_project/booking/venv/lib/python3.12/site-packages/django/template/backends/django.py", line 79, in get_template
    return Template(self.engine.get_template(template_name), self)
                    ^^^^^^^^^^^^^^^^^^^^^^^^^^^^^^^^^^^^^^^
  File "/Users/birlikzhumadil/Documents/Проекты/booking_project/booking/venv/lib/python3.12/site-packages/django/template/engine.py", line 186, in get_template
    template, origin = self.find_template(template_name)
                       ^^^^^^^^^^^^^^^^^^^^^^^^^^^^^^^^^
  File "/Users/birlikzhumadil/Documents/Проекты/booking_project/booking/venv/lib/python3.12/site-packages/django/template/engine.py", line 159, in find_template
    template = loader.get_template(name, skip=skip)
               ^^^^^^^^^^^^^^^^^^^^^^^^^^^^^^^^^^^^
  File "/Users/birlikzhumadil/Documents/Проекты/booking_project/booking/venv/lib/python3.12/site-packages/django/template/loaders/cached.py", line 57, in get_template
    template = super().get_template(template_name, skip)
               ^^^^^^^^^^^^^^^^^^^^^^^^^^^^^^^^^^^^^^^^^
  File "/Users/birlikzhumadil/Documents/Проекты/booking_project/booking/venv/lib/python3.12/site-packages/django/template/loaders/base.py", line 28, in get_template
    return Template(
           ^^^^^^^^^
  File "/Users/birlikzhumadil/Documents/Проекты/booking_project/booking/venv/lib/python3.12/site-packages/django/template/base.py", line 157, in __init__
    self.nodelist = self.compile_nodelist()
                    ^^^^^^^^^^^^^^^^^^^^^^^
  File "/Users/birlikzhumadil/Documents/Проекты/booking_project/booking/venv/lib/python3.12/site-packages/django/template/base.py", line 199, in compile_nodelist
    nodelist = parser.parse()
               ^^^^^^^^^^^^^^
  File "/Users/birlikzhumadil/Documents/Проекты/booking_project/booking/venv/lib/python3.12/site-packages/django/template/base.py", line 585, in parse
    raise self.error(token, e)
  File "/Users/birlikzhumadil/Documents/Проекты/booking_project/booking/venv/lib/python3.12/site-packages/django/template/base.py", line 583, in parse
    compiled_result = compile_func(self, token)
                      ^^^^^^^^^^^^^^^^^^^^^^^^^
  File "/Users/birlikzhumadil/Documents/Проекты/booking_project/booking/venv/lib/python3.12/site-packages/django/template/loader_tags.py", line 307, in do_extends
    nodelist = parser.parse()
               ^^^^^^^^^^^^^^
  File "/Users/birlikzhumadil/Documents/Проекты/booking_project/booking/venv/lib/python3.12/site-packages/django/template/base.py", line 585, in parse
    raise self.error(token, e)
  File "/Users/birlikzhumadil/Documents/Проекты/booking_project/booking/venv/lib/python3.12/site-packages/django/template/base.py", line 583, in parse
    compiled_result = compile_func(self, token)
                      ^^^^^^^^^^^^^^^^^^^^^^^^^
  File "/Users/birlikzhumadil/Documents/Проекты/booking_project/booking/venv/lib/python3.12/site-packages/django/template/loader_tags.py", line 235, in do_block
    nodelist = parser.parse(("endblock",))
               ^^^^^^^^^^^^^^^^^^^^^^^^^^^
  File "/Users/birlikzhumadil/Documents/Проекты/booking_project/booking/venv/lib/python3.12/site-packages/django/template/base.py", line 585, in parse
    raise self.error(token, e)
  File "/Users/birlikzhumadil/Documents/Проекты/booking_project/booking/venv/lib/python3.12/site-packages/django/template/base.py", line 583, in parse
    compiled_result = compile_func(self, token)
                      ^^^^^^^^^^^^^^^^^^^^^^^^^
  File "/Users/birlikzhumadil/Documents/Проекты/booking_project/booking/venv/lib/python3.12/site-packages/django/template/defaulttags.py", line 1008, in do_if
    nodelist = parser.parse(("endif",))
               ^^^^^^^^^^^^^^^^^^^^^^^^
  File "/Users/birlikzhumadil/Documents/Проекты/booking_project/booking/venv/lib/python3.12/site-packages/django/template/base.py", line 585, in parse
    raise self.error(token, e)
  File "/Users/birlikzhumadil/Documents/Проекты/booking_project/booking/venv/lib/python3.12/site-packages/django/template/base.py", line 583, in parse
    compiled_result = compile_func(self, token)
                      ^^^^^^^^^^^^^^^^^^^^^^^^^
  File "/Users/birlikzhumadil/Documents/Проекты/booking_project/booking/venv/lib/python3.12/site-packages/django/template/defaulttags.py", line 1001, in do_if
    condition = TemplateIfParser(parser, bits).parse()
                ^^^^^^^^^^^^^^^^^^^^^^^^^^^^^^^^^^^^^^
  File "/Users/birlikzhumadil/Documents/Проекты/booking_project/booking/venv/lib/python3.12/site-packages/django/template/smartif.py", line 196, in parse
    retval = self.expression()
             ^^^^^^^^^^^^^^^^^
  File "/Users/birlikzhumadil/Documents/Проекты/booking_project/booking/venv/lib/python3.12/site-packages/django/template/smartif.py", line 207, in expression
    left = t.nud(self)
           ^^^^^^^^^^^
  File "/Users/birlikzhumadil/Documents/Проекты/booking_project/booking/venv/lib/python3.12/site-packages/django/template/smartif.py", line 150, in nud
    raise parser.error_class("Unexpected end of expression in if tag.")
django.template.exceptions.TemplateSyntaxError: Template: /Users/birlikzhumadil/Documents/Проекты/booking_project/booking/main/templates/main/product/search.html, Unexpected end of expression in if tag.
ERROR 2026-02-01 14:44:02,279 log "GET /search/?q=%D0%B4 HTTP/1.1" 500 207848
ERROR 2026-02-01 14:44:02,458 log Internal Server Error: /search/
Traceback (most recent call last):
  File "/Users/birlikzhumadil/Documents/Проекты/booking_project/booking/venv/lib/python3.12/site-packages/django/core/handlers/exception.py", line 55, in inner
    response = get_response(request)
               ^^^^^^^^^^^^^^^^^^^^^
  File "/Users/birlikzhumadil/Documents/Проекты/booking_project/booking/venv/lib/python3.12/site-packages/django/core/handlers/base.py", line 198, in _get_response
    response = wrapped_callback(request, *callback_args, **callback_kwargs)
               ^^^^^^^^^^^^^^^^^^^^^^^^^^^^^^^^^^^^^^^^^^^^^^^^^^^^^^^^^^^^
  File "/Users/birlikzhumadil/Documents/Проекты/booking_project/booking/main/views.py", line 72, in search_books
    return render(request, 'main/product/search.html', context)
           ^^^^^^^^^^^^^^^^^^^^^^^^^^^^^^^^^^^^^^^^^^^^^^^^^^^^
  File "/Users/birlikzhumadil/Documents/Проекты/booking_project/booking/venv/lib/python3.12/site-packages/django/shortcuts.py", line 25, in render
    content = loader.render_to_string(template_name, context, request, using=using)
              ^^^^^^^^^^^^^^^^^^^^^^^^^^^^^^^^^^^^^^^^^^^^^^^^^^^^^^^^^^^^^^^^^^^^^
  File "/Users/birlikzhumadil/Documents/Проекты/booking_project/booking/venv/lib/python3.12/site-packages/django/template/loader.py", line 61, in render_to_string
    template = get_template(template_name, using=using)
               ^^^^^^^^^^^^^^^^^^^^^^^^^^^^^^^^^^^^^^^^
  File "/Users/birlikzhumadil/Documents/Проекты/booking_project/booking/venv/lib/python3.12/site-packages/django/template/loader.py", line 15, in get_template
    return engine.get_template(template_name)
           ^^^^^^^^^^^^^^^^^^^^^^^^^^^^^^^^^^
  File "/Users/birlikzhumadil/Documents/Проекты/booking_project/booking/venv/lib/python3.12/site-packages/django/template/backends/django.py", line 79, in get_template
    return Template(self.engine.get_template(template_name), self)
                    ^^^^^^^^^^^^^^^^^^^^^^^^^^^^^^^^^^^^^^^
  File "/Users/birlikzhumadil/Documents/Проекты/booking_project/booking/venv/lib/python3.12/site-packages/django/template/engine.py", line 186, in get_template
    template, origin = self.find_template(template_name)
                       ^^^^^^^^^^^^^^^^^^^^^^^^^^^^^^^^^
  File "/Users/birlikzhumadil/Documents/Проекты/booking_project/booking/venv/lib/python3.12/site-packages/django/template/engine.py", line 159, in find_template
    template = loader.get_template(name, skip=skip)
               ^^^^^^^^^^^^^^^^^^^^^^^^^^^^^^^^^^^^
  File "/Users/birlikzhumadil/Documents/Проекты/booking_project/booking/venv/lib/python3.12/site-packages/django/template/loaders/cached.py", line 57, in get_template
    template = super().get_template(template_name, skip)
               ^^^^^^^^^^^^^^^^^^^^^^^^^^^^^^^^^^^^^^^^^
  File "/Users/birlikzhumadil/Documents/Проекты/booking_project/booking/venv/lib/python3.12/site-packages/django/template/loaders/base.py", line 28, in get_template
    return Template(
           ^^^^^^^^^
  File "/Users/birlikzhumadil/Documents/Проекты/booking_project/booking/venv/lib/python3.12/site-packages/django/template/base.py", line 157, in __init__
    self.nodelist = self.compile_nodelist()
                    ^^^^^^^^^^^^^^^^^^^^^^^
  File "/Users/birlikzhumadil/Documents/Проекты/booking_project/booking/venv/lib/python3.12/site-packages/django/template/base.py", line 199, in compile_nodelist
    nodelist = parser.parse()
               ^^^^^^^^^^^^^^
  File "/Users/birlikzhumadil/Documents/Проекты/booking_project/booking/venv/lib/python3.12/site-packages/django/template/base.py", line 585, in parse
    raise self.error(token, e)
  File "/Users/birlikzhumadil/Documents/Проекты/booking_project/booking/venv/lib/python3.12/site-packages/django/template/base.py", line 583, in parse
    compiled_result = compile_func(self, token)
                      ^^^^^^^^^^^^^^^^^^^^^^^^^
  File "/Users/birlikzhumadil/Documents/Проекты/booking_project/booking/venv/lib/python3.12/site-packages/django/template/loader_tags.py", line 307, in do_extends
    nodelist = parser.parse()
               ^^^^^^^^^^^^^^
  File "/Users/birlikzhumadil/Documents/Проекты/booking_project/booking/venv/lib/python3.12/site-packages/django/template/base.py", line 585, in parse
    raise self.error(token, e)
  File "/Users/birlikzhumadil/Documents/Проекты/booking_project/booking/venv/lib/python3.12/site-packages/django/template/base.py", line 583, in parse
    compiled_result = compile_func(self, token)
                      ^^^^^^^^^^^^^^^^^^^^^^^^^
  File "/Users/birlikzhumadil/Documents/Проекты/booking_project/booking/venv/lib/python3.12/site-packages/django/template/loader_tags.py", line 235, in do_block
    nodelist = parser.parse(("endblock",))
               ^^^^^^^^^^^^^^^^^^^^^^^^^^^
  File "/Users/birlikzhumadil/Documents/Проекты/booking_project/booking/venv/lib/python3.12/site-packages/django/template/base.py", line 585, in parse
    raise self.error(token, e)
  File "/Users/birlikzhumadil/Documents/Проекты/booking_project/booking/venv/lib/python3.12/site-packages/django/template/base.py", line 583, in parse
    compiled_result = compile_func(self, token)
                      ^^^^^^^^^^^^^^^^^^^^^^^^^
  File "/Users/birlikzhumadil/Documents/Проекты/booking_project/booking/venv/lib/python3.12/site-packages/django/template/defaulttags.py", line 1008, in do_if
    nodelist = parser.parse(("endif",))
               ^^^^^^^^^^^^^^^^^^^^^^^^
  File "/Users/birlikzhumadil/Documents/Проекты/booking_project/booking/venv/lib/python3.12/site-packages/django/template/base.py", line 585, in parse
    raise self.error(token, e)
  File "/Users/birlikzhumadil/Documents/Проекты/booking_project/booking/venv/lib/python3.12/site-packages/django/template/base.py", line 583, in parse
    compiled_result = compile_func(self, token)
                      ^^^^^^^^^^^^^^^^^^^^^^^^^
  File "/Users/birlikzhumadil/Documents/Проекты/booking_project/booking/venv/lib/python3.12/site-packages/django/template/defaulttags.py", line 1001, in do_if
    condition = TemplateIfParser(parser, bits).parse()
                ^^^^^^^^^^^^^^^^^^^^^^^^^^^^^^^^^^^^^^
  File "/Users/birlikzhumadil/Documents/Проекты/booking_project/booking/venv/lib/python3.12/site-packages/django/template/smartif.py", line 196, in parse
    retval = self.expression()
             ^^^^^^^^^^^^^^^^^
  File "/Users/birlikzhumadil/Documents/Проекты/booking_project/booking/venv/lib/python3.12/site-packages/django/template/smartif.py", line 207, in expression
    left = t.nud(self)
           ^^^^^^^^^^^
  File "/Users/birlikzhumadil/Documents/Проекты/booking_project/booking/venv/lib/python3.12/site-packages/django/template/smartif.py", line 150, in nud
    raise parser.error_class("Unexpected end of expression in if tag.")
django.template.exceptions.TemplateSyntaxError: Template: /Users/birlikzhumadil/Documents/Проекты/booking_project/booking/main/templates/main/product/search.html, Unexpected end of expression in if tag.
ERROR 2026-02-01 14:44:02,465 log "GET /search/?q=%D0%B4 HTTP/1.1" 500 207848
